0;B0;1.88;0;1.88
0;B1;1.82;0;1.82
0;B2;1.94;0;1.94
0;B3;1.73;0;1.73
0;B4;1.84;0;1.84
0;B5;1.80;0;1.8
watts;;8.79;;
amps;;41.89;;
0;B0;2.55;0;2.55
0;B1;2.55;0;2.55
0;B2;2.60;0;2.6
0;B3;2.53;0;2.53
0;B4;2.64;0;2.64
0;B5;2.65;0;2.65
watts;;13.16;;
amps;;9.07;;
0;B0;2.05;0;2.05
0;B1;2.02;0;2.02
0;B2;2.12;0;2.12
0;B3;1.95;0;1.95
0;B4;2.01;0;2.01
0;B5;2.02;0;2.02
watts;;15.00;;
amps;;32.89;;
0;B0;2.80;0;2.8
0;B1;2.83;0;2.83
0;B2;2.85;0;2.85
0;B3;2.81;0;2.81
0;B4;2.84;0;2.84
0;B5;2.80;0;2.8
watts;;18.36;;
amps;;0.00;;
0;B0;2.86;0;2.86
0;B1;2.88;0;2.88
0;B2;2.92;0;2.92
0;B3;2.85;0;2.85
0;B4;2.90;0;2.9
0;B5;2.86;0;2.86
watts;;18.36;;
amps;;0.00;;
0;B0;2.89;0;2.89
0;B1;2.92;0;2.92
0;B2;2.96;0;2.96
0;B3;2.89;0;2.89
0;B4;2.94;0;2.94
0;B5;2.88;0;2.88
watts;;18.00;;
amps;;0.00;;
0;B0;2.55;0;2.55
0;B1;2.57;0;2.57
0;B2;2.61;0;2.61
0;B3;2.52;0;2.52
0;B4;2.58;0;2.58
0;B5;2.54;0;2.54
watts;;18.59;;
amps;;16.18;;
0;B0;2.44;0;2.44
0;B1;2.40;0;2.4
0;B2;2.51;0;2.51
0;B3;2.36;0;2.36
0;B4;2.41;0;2.41
0;B5;2.38;0;2.38
watts;;21.45;;
amps;;17.45;;
0;B0;2.61;0;2.61
0;B1;2.61;0;2.61
0;B2;2.65;0;2.65
0;B3;2.57;0;2.57
0;B4;2.61;0;2.61
0;B5;2.68;0;2.68
watts;;22.28;;
amps;;10.84;;
0;B0;2.57;0;2.57
0;B1;2.57;0;2.57
0;B2;2.64;0;2.64
0;B3;2.55;0;2.55
0;B4;2.59;0;2.59
0;B5;2.67;0;2.67
watts;;23.44;;
amps;;12.51;;
0;B0;2.54;0;2.54
0;B1;2.52;0;2.52
0;B2;2.58;0;2.58
0;B3;2.49;0;2.49
0;B4;2.56;0;2.56
0;B5;2.54;0;2.54
watts;;25.15;;
amps;;13.95;;
0;B0;2.86;0;2.86
0;B1;2.88;0;2.88
0;B2;2.94;0;2.94
0;B3;2.87;0;2.87
0;B4;2.91;0;2.91
0;B5;2.89;0;2.89
watts;;25.90;;
amps;;0.00;;
0;B0;2.90;0;2.9
0;B1;2.92;0;2.92
0;B2;2.93;0;2.93
0;B3;2.91;0;2.91
0;B4;2.95;0;2.95
0;B5;2.90;0;2.9
watts;;25.90;;
amps;;0.00;;
0;B0;2.91;0;2.91
0;B1;2.93;0;2.93
0;B2;2.99;0;2.99
0;B3;2.91;0;2.91
0;B4;2.99;0;2.99
0;B5;2.90;0;2.9
watts;;25.90;;
amps;;0.00;;
0;B0;2.93;0;2.93
0;B1;2.95;0;2.95
0;B2;3.00;0;3
0;B3;2.92;0;2.92
0;B4;2.98;0;2.98
0;B5;2.92;0;2.92
watts;;25.90;;
amps;;0.00;;
0;B0;2.94;0;2.94
0;B1;2.95;0;2.95
0;B2;2.99;0;2.99
0;B3;2.93;0;2.93
0;B4;2.98;0;2.98
0;B5;2.93;0;2.93
watts;;25.90;;
amps;;0.00;;
0;B0;2.33;0;2.33
0;B1;2.34;0;2.34
0;B2;2.43;0;2.43
0;B3;2.30;0;2.3
0;B4;2.35;0;2.35
0;B5;2.33;0;2.33
watts;;28.70;;
amps;;22.06;;
0;B0;1.98;0;1.98
0;B1;1.92;0;1.92
0;B2;2.03;0;2.03
0;B3;1.86;0;1.86
0;B4;1.91;0;1.91
0;B5;1.95;0;1.95
watts;;32.90;;
amps;;36.06;;
0;B0;1.88;0;1.88
0;B1;1.84;0;1.84
0;B2;1.94;0;1.94
0;B3;1.76;0;1.76
0;B4;1.88;0;1.88
0;B5;1.83;0;1.83
watts;;3.00;;
amps;;33.51;;
0;B0;2.03;0;2.03
0;B1;1.97;0;1.97
0;B2;2.10;0;2.1
0;B3;1.92;0;1.92
0;B4;2.03;0;2.03
0;B5;1.97;0;1.97
watts;;42.93;;
amps;;29.84;;
0;B0;1.97;0;1.97
0;B1;1.92;0;1.92
0;B2;2.02;0;2.02
0;B3;1.88;0;1.88
0;B4;1.98;0;1.98
0;B5;1.90;0;1.9
watts;;47.04;;
amps;;32.28;;
0;B0;1.96;0;1.96
0;B1;1.90;0;1.9
0;B2;1.99;0;1.99
0;B3;1.86;0;1.86
0;B4;1.94;0;1.94
0;B5;1.95;0;1.95
watts;;51.15;;
amps;;30.95;;
0;B0;2.73;0;2.73
0;B1;2.75;0;2.75
0;B2;2.80;0;2.8
0;B3;2.75;0;2.75
0;B4;2.78;0;2.78
0;B5;2.78;0;2.78
watts;;55.77;;
amps;;0.00;;
0;B0;1.77;0;1.77
0;B1;1.66;0;1.66
0;B2;1.80;0;1.8
0;B3;1.62;0;1.62
0;B4;1.69;0;1.69
0;B5;1.69;0;1.69
watts;;57.61;;
amps;;44.34;;
0;B0;2.09;0;2.09
0;B1;2.03;0;2.03
0;B2;2.12;0;2.12
0;B3;2.02;0;2.02
0;B4;2.05;0;2.05
0;B5;2.04;0;2.04
watts;;61.75;;
amps;;25.73;;
0;B0;2.37;0;2.37
0;B1;2.35;0;2.35
0;B2;2.44;0;2.44
0;B3;2.36;0;2.36
0;B4;2.41;0;2.41
0;B5;2.36;0;2.36
watts;;64.52;;
amps;;15.29;;
0;B0;2.46;0;2.46
0;B1;2.34;0;2.34
0;B2;2.49;0;2.49
0;B3;2.40;0;2.4
0;B4;2.43;0;2.43
0;B5;2.36;0;2.36
watts;;64.80;;
amps;;13.12;;
0;B0;2.37;0;2.37
0;B1;2.34;0;2.34
0;B2;2.41;0;2.41
0;B3;2.33;0;2.33
0;B4;2.37;0;2.37
0;B5;2.38;0;2.38
watts;;67.54;;
amps;;15.12;;
0;B0;2.26;0;2.26
0;B1;2.21;0;2.21
0;B2;2.30;0;2.3
0;B3;2.15;0;2.15
0;B4;2.23;0;2.23
0;B5;2.21;0;2.21
watts;;68.11;;
amps;;23.12;;
0;B0;2.64;0;2.64
0;B1;2.63;0;2.63
0;B2;2.70;0;2.7
0;B3;2.62;0;2.62
0;B4;2.65;0;2.65
0;B5;2.63;0;2.63
watts;;69.87;;
amps;;5.18;;
0;B0;2.82;0;2.82
0;B1;2.83;0;2.83
0;B2;2.89;0;2.89
0;B3;2.82;0;2.82
0;B4;2.87;0;2.87
0;B5;2.84;0;2.84
watts;;70.28;;
amps;;0.00;;
0;B0;2.84;0;2.84
0;B1;2.85;0;2.85
0;B2;2.89;0;2.89
0;B3;2.84;0;2.84
0;B4;2.87;0;2.87
0;B5;2.84;0;2.84
watts;;70.80;;
amps;;0.00;;
0;B0;2.80;0;2.8
0;B1;2.81;0;2.81
0;B2;2.84;0;2.84
0;B3;2.80;0;2.8
0;B4;2.84;0;2.84
0;B5;2.79;0;2.79
watts;;71.03;;
amps;;2.29;;
0;B0;2.20;0;2.2
0;B1;2.16;0;2.16
0;B2;2.27;0;2.27
0;B3;2.13;0;2.13
0;B4;2.17;0;2.17
0;B5;2.16;0;2.16
watts;;75.51;;
amps;;23.84;;
0;B0;2.78;0;2.78
0;B1;2.79;0;2.79
0;B2;2.85;0;2.85
0;B3;2.79;0;2.79
0;B4;2.84;0;2.84
0;B5;2.81;0;2.81
watts;;77.18;;
amps;;0.00;;
0;B0;2.82;0;2.82
0;B1;2.84;0;2.84
0;B2;2.89;0;2.89
0;B3;2.83;0;2.83
0;B4;2.87;0;2.87
0;B5;2.84;0;2.84
watts;;77.18;;
amps;;0.00;;
0;B0;1.75;0;1.75
0;B1;1.67;0;1.67
0;B2;1.79;0;1.79
0;B3;1.62;0;1.62
0;B4;1.68;0;1.68
0;B5;1.67;0;1.67
watts;;79.28;;
amps;;46.06;;
0;B0;2.64;0;2.64
0;B1;2.64;0;2.64
0;B2;2.68;0;2.68
0;B3;2.63;0;2.63
0;B4;2.66;0;2.66
0;B5;2.64;0;2.64
watts;;82.59;;
amps;;5.29;;
0;B0;2.76;0;2.76
0;B1;2.78;0;2.78
0;B2;2.84;0;2.84
0;B3;2.77;0;2.77
0;B4;2.80;0;2.8
0;B5;2.77;0;2.77
watts;;83.03;;
amps;;2.12;;
0;B0;2.53;0;2.53
0;B1;2.52;0;2.52
0;B2;2.59;0;2.59
0;B3;2.50;0;2.5
0;B4;2.54;0;2.54
0;B5;2.52;0;2.52
watts;;84.52;;
amps;;11.68;;
0;B0;2.81;0;2.81
0;B1;2.82;0;2.82
0;B2;2.88;0;2.88
0;B3;2.81;0;2.81
0;B4;2.85;0;2.85
0;B5;2.81;0;2.81
watts;;85.66;;
amps;;0.00;;
0;B0;2.84;0;2.84
0;B1;2.86;0;2.86
0;B2;2.93;0;2.93
0;B3;2.85;0;2.85
0;B4;2.87;0;2.87
0;B5;2.84;0;2.84
watts;;85.67;;
amps;;0.00;;
0;B0;1.71;0;1.71
0;B1;1.63;0;1.63
0;B2;1.77;0;1.77
0;B3;1.57;0;1.57
0;B4;1.63;0;1.63
0;B5;1.63;0;1.63
watts;;88.52;;
amps;;48.39;;
0;B0;1.80;0;1.8
0;B1;1.72;0;1.72
0;B2;1.84;0;1.84
0;B3;1.68;0;1.68
0;B4;1.74;0;1.74
0;B5;1.72;0;1.72
watts;;94.79;;
amps;;38.17;;
0;B0;1.78;0;1.78
0;B1;1.73;0;1.73
0;B2;1.83;0;1.83
0;B3;1.68;0;1.68
0;B4;1.74;0;1.74
0;B5;1.73;0;1.73
watts;;100.87;;
amps;;35.23;;
0;B0;2.02;0;2.02
0;B1;1.98;0;1.98
0;B2;2.08;0;2.08
0;B3;1.95;0;1.95
0;B4;2.02;0;2.02
0;B5;1.98;0;1.98
watts;;106.17;;
amps;;26.67;;
0;B0;2.69;0;2.69
0;B1;2.70;0;2.7
0;B2;2.77;0;2.77
0;B3;2.71;0;2.71
0;B4;2.72;0;2.72
0;B5;2.70;0;2.7
watts;;107.90;;
amps;;0.00;;
0;B0;2.65;0;2.65
0;B1;2.64;0;2.64
0;B2;2.71;0;2.71
0;B3;2.65;0;2.65
0;B4;2.68;0;2.68
0;B5;2.64;0;2.64
watts;;110.80;;
amps;;1.74;;
0;B0;2.66;0;2.66
0;B1;2.67;0;2.67
0;B2;2.74;0;2.74
0;B3;2.67;0;2.67
0;B4;2.69;0;2.69
0;B5;2.67;0;2.67
watts;;113.71;;
amps;;1.29;;
0;B0;1.92;0;1.92
0;B1;1.86;0;1.86
0;B2;1.97;0;1.97
0;B3;1.82;0;1.82
0;B4;1.85;0;1.85
0;B5;1.89;0;1.89
watts;;118.10;;
amps;;32.73;;
0;B0;2.56;0;2.56
0;B1;2.54;0;2.54
0;B2;2.64;0;2.64
0;B3;2.58;0;2.58
0;B4;2.57;0;2.57
0;B5;2.57;0;2.57
watts;;123.10;;
amps;;1.51;;
0;B0;1.79;0;1.79
0;B1;1.72;0;1.72
0;B2;1.86;0;1.86
0;B3;1.68;0;1.68
0;B4;1.74;0;1.74
0;B5;1.73;0;1.73
watts;;126.43;;
amps;;39.67;;
0;B0;2.25;0;2.25
0;B1;2.22;0;2.22
0;B2;2.31;0;2.31
0;B3;2.20;0;2.2
0;B4;2.26;0;2.26
0;B5;2.24;0;2.24
watts;;132.37;;
amps;;16.29;;
0;B0;1.97;0;1.97
0;B1;1.91;0;1.91
0;B2;2.04;0;2.04
0;B3;1.89;0;1.89
0;B4;1.95;0;1.95
0;B5;1.92;0;1.92
watts;;136.80;;
amps;;31.17;;
0;B0;2.09;0;2.09
0;B1;2.04;0;2.04
0;B2;2.16;0;2.16
0;B3;2.02;0;2.02
0;B4;2.09;0;2.09
0;B5;2.07;0;2.07
watts;;144.86;;
amps;;25.67;;
0;B0;1.99;0;1.99
0;B1;1.99;0;1.99
0;B2;2.04;0;2.04
0;B3;1.92;0;1.92
0;B4;1.99;0;1.99
0;B5;2.04;0;2.04
watts;;147.55;;
amps;;31.39;;
0;B0;2.11;0;2.11
0;B1;2.06;0;2.06
0;B2;2.15;0;2.15
0;B3;2.04;0;2.04
0;B4;2.08;0;2.08
0;B5;2.07;0;2.07
watts;;150.42;;
amps;;25.34;;
0;B0;2.01;0;2.01
0;B1;1.94;0;1.94
0;B2;2.06;0;2.06
0;B3;1.89;0;1.89
0;B4;1.97;0;1.97
0;B5;1.95;0;1.95
watts;;154.23;;
amps;;27.84;;
0;B0;2.68;0;2.68
0;B1;2.68;0;2.68
0;B2;2.75;0;2.75
0;B3;2.69;0;2.69
0;B4;2.70;0;2.7
0;B5;2.68;0;2.68
watts;;156.80;;
amps;;0.00;;
0;B0;2.67;0;2.67
0;B1;2.67;0;2.67
0;B2;2.76;0;2.76
0;B3;2.68;0;2.68
0;B4;2.69;0;2.69
0;B5;2.67;0;2.67
watts;;159.00;;
amps;;1.24;;
0;B0;1.72;0;1.72
0;B1;1.64;0;1.64
0;B2;1.76;0;1.76
0;B3;1.59;0;1.59
0;B4;1.62;0;1.62
0;B5;1.63;0;1.63
watts;;161.35;;
amps;;43.84;;
0;B0;2.56;0;2.56
0;B1;2.56;0;2.56
0;B2;2.64;0;2.64
0;B3;2.55;0;2.55
0;B4;2.62;0;2.62
0;B5;2.55;0;2.55
watts;;165.69;;
amps;;15.95;;
0;B0;1.93;0;1.93
0;B1;1.86;0;1.86
0;B2;1.98;0;1.98
0;B3;1.81;0;1.81
0;B4;1.89;0;1.89
0;B5;1.87;0;1.87
watts;;166.73;;
amps;;35.34;;
0;B0;1.81;0;1.81
0;B1;1.75;0;1.75
0;B2;1.88;0;1.88
0;B3;1.70;0;1.7
0;B4;1.74;0;1.74
0;B5;1.74;0;1.74
watts;;169.55;;
amps;;40.00;;
0;B0;2.69;0;2.69
0;B1;2.69;0;2.69
0;B2;2.75;0;2.75
0;B3;2.69;0;2.69
0;B4;2.76;0;2.76
0;B5;2.69;0;2.69
watts;;171.99;;
amps;;0.00;;
0;B0;2.14;0;2.14
0;B1;2.09;0;2.09
0;B2;2.19;0;2.19
0;B3;2.08;0;2.08
0;B4;2.12;0;2.12
0;B5;2.10;0;2.1
watts;;174.40;;
amps;;22.73;;
0;B0;2.06;0;2.06
0;B1;2.01;0;2.01
0;B2;2.12;0;2.12
0;B3;2.01;0;2.01
0;B4;2.04;0;2.04
0;B5;2.02;0;2.02
watts;;177.93;;
amps;;26.67;;
0;B0;2.69;0;2.69
0;B1;2.69;0;2.69
0;B2;2.77;0;2.77
0;B3;2.70;0;2.7
0;B4;2.72;0;2.72
0;B5;2.70;0;2.7
watts;;180.13;;
amps;;0.00;;
0;B0;2.67;0;2.67
0;B1;2.68;0;2.68
0;B2;2.74;0;2.74
0;B3;2.68;0;2.68
0;B4;2.69;0;2.69
0;B5;2.70;0;2.7
watts;;180.70;;
amps;;4.12;;
0;B0;2.74;0;2.74
0;B1;2.74;0;2.74
0;B2;2.81;0;2.81
0;B3;2.74;0;2.74
0;B4;2.77;0;2.77
0;B5;2.81;0;2.81
watts;;181.59;;
amps;;1.24;;
0;B0;2.76;0;2.76
0;B1;2.76;0;2.76
0;B2;2.84;0;2.84
0;B3;2.78;0;2.78
0;B4;2.80;0;2.8
0;B5;2.81;0;2.81
watts;;182.96;;
amps;;0.00;;
0;B0;2.24;0;2.24
0;B1;1.94;0;1.94
0;B2;2.29;0;2.29
0;B3;2.17;0;2.17
0;B4;2.26;0;2.26
0;B5;1.99;0;1.99
watts;;186.00;;
amps;;20.23;;
0;B0;2.72;0;2.72
0;B1;2.73;0;2.73
0;B2;2.79;0;2.79
0;B3;2.74;0;2.74
0;B4;2.75;0;2.75
0;B5;2.73;0;2.73
watts;;189.49;;
amps;;0.00;;
0;B0;2.61;0;2.61
0;B1;2.56;0;2.56
0;B2;2.68;0;2.68
0;B3;2.60;0;2.6
0;B4;2.59;0;2.59
0;B5;2.56;0;2.56
watts;;190.94;;
amps;;7.12;;
0;B0;2.37;0;2.37
0;B1;2.32;0;2.32
0;B2;2.44;0;2.44
0;B3;2.31;0;2.31
0;B4;2.35;0;2.35
0;B5;2.35;0;2.35
watts;;192.80;;
amps;;17.95;;
0;B0;2.30;0;2.3
0;B1;2.27;0;2.27
0;B2;2.35;0;2.35
0;B3;2.25;0;2.25
0;B4;2.32;0;2.32
0;B5;2.22;0;2.22
watts;;195.87;;
amps;;18.56;;
0;B0;2.47;0;2.47
0;B1;2.46;0;2.46
0;B2;2.55;0;2.55
0;B3;2.39;0;2.39
0;B4;2.53;0;2.53
0;B5;2.32;0;2.32
watts;;197.23;;
amps;;9.46;;
0;B0;2.77;0;2.77
0;B1;2.77;0;2.77
0;B2;2.84;0;2.84
0;B3;2.79;0;2.79
0;B4;2.82;0;2.82
0;B5;2.81;0;2.81
watts;;197.85;;
amps;;0.00;;
0;B0;1.74;0;1.74
0;B1;1.64;0;1.64
0;B2;1.77;0;1.77
0;B3;1.61;0;1.61
0;B4;1.71;0;1.71
0;B5;1.66;0;1.66
watts;;201.83;;
amps;;44.50;;
0;B0;2.74;0;2.74
0;B1;2.74;0;2.74
0;B2;2.81;0;2.81
0;B3;2.75;0;2.75
0;B4;2.77;0;2.77
0;B5;2.74;0;2.74
watts;;208.66;;
amps;;0.00;;
0;B0;1.91;0;1.91
0;B1;1.83;0;1.83
0;B2;1.95;0;1.95
0;B3;1.81;0;1.81
0;B4;1.82;0;1.82
0;B5;1.85;0;1.85
watts;;215.93;;
amps;;34.17;;
0;B0;2.41;0;2.41
0;B1;2.43;0;2.43
0;B2;2.49;0;2.49
0;B3;2.38;0;2.38
0;B4;2.44;0;2.44
0;B5;2.43;0;2.43
watts;;218.56;;
amps;;12.12;;
0;B0;2.13;0;2.13
0;B1;2.09;0;2.09
0;B2;2.19;0;2.19
0;B3;2.07;0;2.07
0;B4;2.13;0;2.13
0;B5;2.12;0;2.12
watts;;222.16;;
amps;;23.90;;
0;B0;1.99;0;1.99
0;B1;1.94;0;1.94
0;B2;2.11;0;2.11
0;B3;1.92;0;1.92
0;B4;2.00;0;2
0;B5;1.95;0;1.95
watts;;225.00;;
amps;;27.28;;
0;B0;1.96;0;1.96
0;B1;1.89;0;1.89
0;B2;2.00;0;2
0;B3;1.85;0;1.85
0;B4;1.93;0;1.93
0;B5;1.89;0;1.89
watts;;225.90;;
amps;;35.39;;
0;B0;1.90;0;1.9
0;B1;1.85;0;1.85
0;B2;1.92;0;1.92
0;B3;1.75;0;1.75
0;B4;1.82;0;1.82
0;B5;1.79;0;1.79
watts;;241.29;;
amps;;36.56;;
0;B0;2.38;0;2.38
0;B1;2.35;0;2.35
0;B2;2.45;0;2.45
0;B3;2.36;0;2.36
0;B4;2.38;0;2.38
0;B5;2.38;0;2.38
watts;;245.11;;
amps;;13.68;;
0;B0;2.73;0;2.73
0;B1;2.73;0;2.73
0;B2;2.79;0;2.79
0;B3;2.74;0;2.74
0;B4;2.75;0;2.75
0;B5;2.73;0;2.73
watts;;245.71;;
amps;;1.07;;
0;B0;2.51;0;2.51
0;B1;2.50;0;2.5
0;B2;2.57;0;2.57
0;B3;2.50;0;2.5
0;B4;2.57;0;2.57
0;B5;2.53;0;2.53
watts;;247.12;;
amps;;9.90;;
0;B0;2.56;0;2.56
0;B1;2.56;0;2.56
0;B2;2.63;0;2.63
0;B3;2.56;0;2.56
0;B4;2.57;0;2.57
0;B5;2.58;0;2.58
watts;;248.85;;
amps;;6.46;;
0;B0;2.28;0;2.28
0;B1;2.24;0;2.24
0;B2;2.34;0;2.34
0;B3;2.21;0;2.21
0;B4;2.29;0;2.29
0;B5;2.22;0;2.22
watts;;251.08;;
amps;;20.79;;
0;B0;2.17;0;2.17
0;B1;2.12;0;2.12
0;B2;2.22;0;2.22
0;B3;2.11;0;2.11
0;B4;2.17;0;2.17
0;B5;2.12;0;2.12
watts;;254.19;;
amps;;21.29;;
0;B0;2.40;0;2.4
0;B1;2.39;0;2.39
0;B2;2.45;0;2.45
0;B3;2.37;0;2.37
0;B4;2.42;0;2.42
0;B5;2.41;0;2.41
watts;;256.11;;
amps;;12.90;;
0;B0;2.70;0;2.7
0;B1;2.71;0;2.71
0;B2;2.76;0;2.76
0;B3;2.71;0;2.71
0;B4;2.74;0;2.74
0;B5;2.70;0;2.7
watts;;258.40;;
amps;;0.00;;
0;B0;1.77;0;1.77
0;B1;1.67;0;1.67
0;B2;1.80;0;1.8
0;B3;1.64;0;1.64
0;B4;1.75;0;1.75
0;B5;1.70;0;1.7
watts;;259.67;;
amps;;47.17;;
0;B0;2.26;0;2.26
0;B1;2.23;0;2.23
0;B2;2.31;0;2.31
0;B3;2.22;0;2.22
0;B4;2.24;0;2.24
0;B5;2.24;0;2.24
watts;;263.35;;
amps;;16.79;;
0;B0;2.11;0;2.11
0;B1;2.05;0;2.05
0;B2;2.13;0;2.13
0;B3;2.05;0;2.05
0;B4;2.08;0;2.08
0;B5;2.07;0;2.07
watts;;266.98;;
amps;;24.45;;
0;B0;2.20;0;2.2
0;B1;2.24;0;2.24
0;B2;2.23;0;2.23
0;B3;2.13;0;2.13
0;B4;2.21;0;2.21
0;B5;2.23;0;2.23
watts;;269.40;;
amps;;22.06;;
0;B0;2.43;0;2.43
0;B1;2.42;0;2.42
0;B2;2.45;0;2.45
0;B3;2.40;0;2.4
0;B4;2.45;0;2.45
0;B5;2.42;0;2.42
watts;;272.00;;
amps;;13.29;;
0;B0;2.06;0;2.06
0;B1;2.03;0;2.03
0;B2;2.11;0;2.11
0;B3;2.04;0;2.04
0;B4;2.06;0;2.06
0;B5;2.05;0;2.05
watts;;273.76;;
amps;;28.34;;
0;B0;1.82;0;1.82
0;B1;1.75;0;1.75
0;B2;1.87;0;1.87
0;B3;1.73;0;1.73
0;B4;1.77;0;1.77
0;B5;1.78;0;1.78
watts;;281.78;;
amps;;34.12;;
0;B0;2.62;0;2.62
0;B1;2.62;0;2.62
0;B2;2.68;0;2.68
0;B3;2.63;0;2.63
0;B4;2.64;0;2.64
0;B5;2.62;0;2.62
watts;;285.19;;
amps;;0.00;;
0;B0;2.39;0;2.39
0;B1;2.37;0;2.37
0;B2;2.47;0;2.47
0;B3;2.38;0;2.38
0;B4;2.42;0;2.42
0;B5;2.40;0;2.4
watts;;286.99;;
amps;;13.45;;
0;B0;2.16;0;2.16
0;B1;2.13;0;2.13
0;B2;2.20;0;2.2
0;B3;2.10;0;2.1
0;B4;2.17;0;2.17
0;B5;2.12;0;2.12
watts;;288.92;;
amps;;22.01;;
0;B0;2.62;0;2.62
0;B1;2.62;0;2.62
0;B2;2.67;0;2.67
0;B3;2.63;0;2.63
0;B4;2.66;0;2.66
0;B5;2.62;0;2.62
watts;;291.02;;
amps;;2.12;;
0;B0;2.36;0;2.36
0;B1;2.34;0;2.34
0;B2;2.42;0;2.42
0;B3;2.33;0;2.33
0;B4;2.35;0;2.35
0;B5;2.34;0;2.34
watts;;292.88;;
amps;;14.84;;
0;B0;2.56;0;2.56
0;B1;2.56;0;2.56
0;B2;2.63;0;2.63
0;B3;2.59;0;2.59
0;B4;2.59;0;2.59
0;B5;2.59;0;2.59
watts;;300.20;;
amps;;0.00;;
0;B0;2.69;0;2.69
0;B1;2.71;0;2.71
0;B2;2.76;0;2.76
0;B3;2.71;0;2.71
0;B4;2.71;0;2.71
0;B5;2.72;0;2.72
watts;;300.40;;
amps;;0.00;;
0;B0;2.73;0;2.73
0;B1;2.74;0;2.74
0;B2;2.80;0;2.8
0;B3;2.74;0;2.74
0;B4;2.76;0;2.76
0;B5;2.73;0;2.73
watts;;300.55;;
amps;;0.00;;
0;B0;2.14;0;2.14
0;B1;2.14;0;2.14
0;B2;2.21;0;2.21
0;B3;2.08;0;2.08
0;B4;2.15;0;2.15
0;B5;2.16;0;2.16
watts;;301.92;;
amps;;28.06;;
0;B0;1.85;0;1.85
0;B1;1.79;0;1.79
0;B2;1.89;0;1.89
0;B3;1.75;0;1.75
0;B4;1.80;0;1.8
0;B5;1.77;0;1.77
watts;;305.72;;
amps;;36.17;;
0;B0;2.10;0;2.1
0;B1;2.07;0;2.07
0;B2;2.14;0;2.14
0;B3;2.03;0;2.03
0;B4;2.08;0;2.08
0;B5;2.04;0;2.04
watts;;308.06;;
amps;;26.34;;
0;B0;2.69;0;2.69
0;B1;2.69;0;2.69
0;B2;2.75;0;2.75
0;B3;2.70;0;2.7
0;B4;2.74;0;2.74
0;B5;2.69;0;2.69
watts;;309.50;;
amps;;0.00;;
0;B0;2.07;0;2.07
0;B1;2.03;0;2.03
0;B2;2.12;0;2.12
0;B3;2.01;0;2.01
0;B4;2.06;0;2.06
0;B5;2.04;0;2.04
watts;;313.76;;
amps;;26.62;;
0;B0;2.23;0;2.23
0;B1;2.20;0;2.2
0;B2;2.31;0;2.31
0;B3;2.19;0;2.19
0;B4;2.23;0;2.23
0;B5;2.19;0;2.19
watts;;317.00;;
amps;;18.40;;
0;B0;2.24;0;2.24
0;B1;2.28;0;2.28
0;B2;2.34;0;2.34
0;B3;2.26;0;2.26
0;B4;2.28;0;2.28
0;B5;2.22;0;2.22
watts;;319.91;;
amps;;18.18;;
0;B0;2.13;0;2.13
0;B1;2.08;0;2.08
0;B2;2.16;0;2.16
0;B3;2.06;0;2.06
0;B4;2.10;0;2.1
0;B5;2.07;0;2.07
watts;;322.41;;
amps;;22.51;;
0;B0;2.20;0;2.2
0;B1;2.16;0;2.16
0;B2;2.24;0;2.24
0;B3;2.14;0;2.14
0;B4;2.19;0;2.19
0;B5;2.16;0;2.16
watts;;324.90;;
amps;;19.90;;
0;B0;2.66;0;2.66
0;B1;2.66;0;2.66
0;B2;2.73;0;2.73
0;B3;2.67;0;2.67
0;B4;2.69;0;2.69
0;B5;2.66;0;2.66
watts;;326.85;;
amps;;0.00;;
0;B0;2.06;0;2.06
0;B1;2.01;0;2.01
0;B2;2.10;0;2.1
0;B3;1.98;0;1.98
0;B4;2.03;0;2.03
0;B5;2.01;0;2.01
watts;;328.81;;
amps;;25.17;;
0;B0;2.60;0;2.6
0;B1;2.62;0;2.62
0;B2;2.66;0;2.66
0;B3;2.63;0;2.63
0;B4;2.63;0;2.63
0;B5;2.60;0;2.6
watts;;332.08;;
amps;;1.62;;
0;B0;2.23;0;2.23
0;B1;2.18;0;2.18
0;B2;2.28;0;2.28
0;B3;2.18;0;2.18
0;B4;2.21;0;2.21
0;B5;2.19;0;2.19
watts;;335.33;;
amps;;19.12;;
0;B0;2.19;0;2.19
0;B1;2.16;0;2.16
0;B2;2.26;0;2.26
0;B3;2.14;0;2.14
0;B4;2.18;0;2.18
0;B5;2.15;0;2.15
watts;;338.38;;
amps;;20.12;;
0;B0;2.18;0;2.18
0;B1;2.16;0;2.16
0;B2;2.24;0;2.24
0;B3;2.13;0;2.13
0;B4;2.18;0;2.18
0;B5;2.15;0;2.15
watts;;341.42;;
amps;;19.12;;
0;B0;2.02;0;2.02
0;B1;1.97;0;1.97
0;B2;2.08;0;2.08
0;B3;1.96;0;1.96
0;B4;2.00;0;2
0;B5;1.98;0;1.98
watts;;345.66;;
amps;;25.73;;
0;B0;2.64;0;2.64
0;B1;2.64;0;2.64
0;B2;2.70;0;2.7
0;B3;2.65;0;2.65
0;B4;2.68;0;2.68
0;B5;2.64;0;2.64
watts;;350.41;;
amps;;0.00;;
0;B0;1.89;0;1.89
0;B1;1.83;0;1.83
0;B2;1.95;0;1.95
0;B3;1.83;0;1.83
0;B4;1.86;0;1.86
0;B5;1.86;0;1.86
watts;;354.20;;
amps;;33.51;;
0;B0;2.66;0;2.66
0;B1;2.66;0;2.66
0;B2;2.72;0;2.72
0;B3;2.66;0;2.66
0;B4;2.69;0;2.69
0;B5;2.65;0;2.65
watts;;35.00;;
amps;;0.00;;
0;B0;1.92;0;1.92
0;B1;1.87;0;1.87
0;B2;1.96;0;1.96
0;B3;1.85;0;1.85
0;B4;1.88;0;1.88
0;B5;1.91;0;1.91
watts;;359.90;;
amps;;32.95;;
0;B0;1.85;0;1.85
0;B1;1.78;0;1.78
0;B2;1.87;0;1.87
0;B3;1.77;0;1.77
0;B4;1.84;0;1.84
0;B5;1.77;0;1.77
watts;;363.97;;
amps;;34.45;;
0;B0;1.94;0;1.94
0;B1;1.88;0;1.88
0;B2;2.02;0;2.02
0;B3;1.86;0;1.86
0;B4;1.93;0;1.93
0;B5;1.95;0;1.95
watts;;368.44;;
amps;;30.56;;
0;B0;2.17;0;2.17
0;B1;2.13;0;2.13
0;B2;2.22;0;2.22
0;B3;2.12;0;2.12
0;B4;2.17;0;2.17
0;B5;2.14;0;2.14
watts;;372.51;;
amps;;18.84;;
0;B0;2.18;0;2.18
0;B1;2.15;0;2.15
0;B2;2.23;0;2.23
0;B3;2.14;0;2.14
0;B4;2.17;0;2.17
0;B5;2.15;0;2.15
watts;;375.41;;
amps;;18.12;;
0;B0;2.39;0;2.39
0;B1;2.38;0;2.38
0;B2;2.46;0;2.46
0;B3;2.38;0;2.38
0;B4;2.41;0;2.41
0;B5;2.45;0;2.45
watts;;378.65;;
amps;;8.57;;
0;B0;2.66;0;2.66
0;B1;2.68;0;2.68
0;B2;2.71;0;2.71
0;B3;2.67;0;2.67
0;B4;2.69;0;2.69
0;B5;2.65;0;2.65
watts;;378.96;;
amps;;0.00;;
0;B0;2.67;0;2.67
0;B1;2.68;0;2.68
0;B2;2.73;0;2.73
0;B3;2.67;0;2.67
0;B4;2.72;0;2.72
0;B5;2.66;0;2.66
watts;;378.98;;
amps;;1.79;;
0;B0;2.16;0;2.16
0;B1;2.12;0;2.12
0;B2;2.20;0;2.2
0;B3;2.09;0;2.09
0;B4;2.14;0;2.14
0;B5;2.11;0;2.11
watts;;381.84;;
amps;;24.45;;
0;B0;2.57;0;2.57
0;B1;2.56;0;2.56
0;B2;2.63;0;2.63
0;B3;2.58;0;2.58
0;B4;2.65;0;2.65
0;B5;2.57;0;2.57
watts;;387.78;;
amps;;1.51;;
0;B0;2.56;0;2.56
0;B1;2.58;0;2.58
0;B2;2.64;0;2.64
0;B3;2.57;0;2.57
0;B4;2.61;0;2.61
0;B5;2.56;0;2.56
watts;;388.08;;
amps;;5.68;;
0;B0;2.44;0;2.44
0;B1;2.42;0;2.42
0;B2;2.50;0;2.5
0;B3;2.39;0;2.39
0;B4;2.44;0;2.44
0;B5;2.41;0;2.41
watts;;389.14;;
amps;;12.23;;
0;B0;2.26;0;2.26
0;B1;2.21;0;2.21
0;B2;2.30;0;2.3
0;B3;2.21;0;2.21
0;B4;2.25;0;2.25
0;B5;2.22;0;2.22
watts;;391.10;;
amps;;18.84;;
0;B0;2.63;0;2.63
0;B1;2.63;0;2.63
0;B2;2.68;0;2.68
0;B3;2.62;0;2.62
0;B4;2.68;0;2.68
0;B5;2.61;0;2.61
watts;;391.90;;
amps;;4.01;;
0;B0;2.72;0;2.72
0;B1;2.73;0;2.73
0;B2;2.80;0;2.8
0;B3;2.73;0;2.73
0;B4;2.77;0;2.77
0;B5;2.71;0;2.71
watts;;392.06;;
amps;;0.00;;
0;B0;2.58;0;2.58
0;B1;2.57;0;2.57
0;B2;2.63;0;2.63
0;B3;2.62;0;2.62
0;B4;2.64;0;2.64
0;B5;2.64;0;2.64
watts;;397.50;;
amps;;1.40;;
0;B0;2.76;0;2.76
0;B1;2.77;0;2.77
0;B2;2.82;0;2.82
0;B3;2.77;0;2.77
0;B4;2.81;0;2.81
0;B5;2.73;0;2.73
watts;;398.00;;
amps;;1.01;;
0;B0;2.72;0;2.72
0;B1;2.72;0;2.72
0;B2;2.79;0;2.79
0;B3;2.71;0;2.71
0;B4;2.75;0;2.75
0;B5;2.68;0;2.68
watts;;400.23;;
amps;;1.12;;
0;B0;1.76;0;1.76
0;B1;1.68;0;1.68
0;B2;1.80;0;1.8
0;B3;1.63;0;1.63
0;B4;1.72;0;1.72
0;B5;1.63;0;1.63
watts;;402.34;;
amps;;44.17;;
0;B0;2.70;0;2.7
0;B1;2.70;0;2.7
0;B2;2.75;0;2.75
0;B3;2.71;0;2.71
0;B4;2.73;0;2.73
0;B5;2.67;0;2.67
watts;;405.73;;
amps;;0.00;;
0;B0;1.96;0;1.96
0;B1;1.76;0;1.76
0;B2;1.96;0;1.96
0;B3;1.76;0;1.76
0;B4;1.87;0;1.87
0;B5;1.88;0;1.88
watts;;408.98;;
amps;;32.78;;
0;B0;2.08;0;2.08
0;B1;2.03;0;2.03
0;B2;2.12;0;2.12
0;B3;2.00;0;2
0;B4;2.08;0;2.08
0;B5;2.00;0;2
watts;;412.15;;
amps;;25.12;;
0;B0;1.78;0;1.78
0;B1;1.69;0;1.69
0;B2;1.83;0;1.83
0;B3;1.67;0;1.67
0;B4;1.74;0;1.74
0;B5;1.68;0;1.68
watts;;417.67;;
amps;;39.23;;
0;B0;1.86;0;1.86
0;B1;1.78;0;1.78
0;B2;1.90;0;1.9
0;B3;1.78;0;1.78
0;B4;1.83;0;1.83
0;B5;1.77;0;1.77
watts;;429.08;;
amps;;32.84;;
0;B0;2.08;0;2.08
0;B1;2.02;0;2.02
0;B2;2.11;0;2.11
0;B3;2.02;0;2.02
0;B4;2.11;0;2.11
0;B5;2.02;0;2.02
watts;;433.20;;
amps;;22.56;;
0;B0;2.58;0;2.58
0;B1;2.57;0;2.57
0;B2;2.63;0;2.63
0;B3;2.59;0;2.59
0;B4;2.61;0;2.61
0;B5;2.59;0;2.59
watts;;435.35;;
amps;;0.00;;
0;B0;2.11;0;2.11
0;B1;2.06;0;2.06
0;B2;2.15;0;2.15
0;B3;2.05;0;2.05
0;B4;2.12;0;2.12
0;B5;2.04;0;2.04
watts;;438.26;;
amps;;21.79;;
0;B0;2.00;0;2
0;B1;1.92;0;1.92
0;B2;2.03;0;2.03
0;B3;1.92;0;1.92
0;B4;2.00;0;2
0;B5;1.92;0;1.92
watts;;441.97;;
amps;;27.51;;
0;B0;1.96;0;1.96
0;B1;1.89;0;1.89
0;B2;2.00;0;2
0;B3;1.87;0;1.87
0;B4;1.93;0;1.93
0;B5;1.88;0;1.88
watts;;445.92;;
amps;;26.67;;
0;B0;1.91;0;1.91
0;B1;1.84;0;1.84
0;B2;1.93;0;1.93
0;B3;1.83;0;1.83
0;B4;1.88;0;1.88
0;B5;1.83;0;1.83
watts;;450.08;;
amps;;28.06;;
0;B0;1.96;0;1.96
0;B1;1.89;0;1.89
0;B2;2.00;0;2
0;B3;1.87;0;1.87
0;B4;1.97;0;1.97
0;B5;1.87;0;1.87
watts;;454.22;;
amps;;27.17;;
0;B0;2.50;0;2.5
0;B1;2.49;0;2.49
0;B2;2.56;0;2.56
0;B3;2.50;0;2.5
0;B4;2.54;0;2.54
0;B5;2.49;0;2.49
watts;;458.02;;
amps;;0.00;;
0;B0;1.96;0;1.96
0;B1;1.88;0;1.88
0;B2;1.99;0;1.99
0;B3;1.87;0;1.87
0;B4;1.96;0;1.96
0;B5;1.87;0;1.87
watts;;461.93;;
amps;;27.45;;
0;B0;2.53;0;2.53
0;B1;2.51;0;2.51
0;B2;2.57;0;2.57
0;B3;2.53;0;2.53
0;B4;2.59;0;2.59
0;B5;2.50;0;2.5
watts;;464.60;;
amps;;1.62;;
0;B0;1.73;0;1.73
0;B1;1.65;0;1.65
0;B2;1.77;0;1.77
0;B3;1.60;0;1.6
0;B4;1.70;0;1.7
0;B5;1.63;0;1.63
watts;;468.48;;
amps;;38.45;;
0;B0;2.54;0;2.54
0;B1;2.52;0;2.52
0;B2;2.59;0;2.59
0;B3;2.56;0;2.56
0;B4;2.57;0;2.57
0;B5;2.55;0;2.55
watts;;472.21;;
amps;;0.00;;
0;B0;1.78;0;1.78
0;B1;1.68;0;1.68
0;B2;1.78;0;1.78
0;B3;1.64;0;1.64
0;B4;1.77;0;1.77
0;B5;1.65;0;1.65
watts;;474.38;;
amps;;36.56;;
0;B0;1.91;0;1.91
0;B1;1.84;0;1.84
0;B2;1.94;0;1.94
0;B3;1.81;0;1.81
0;B4;1.93;0;1.93
0;B5;1.81;0;1.81
watts;;479.76;;
amps;;29.40;;
0;B0;1.94;0;1.94
0;B1;1.87;0;1.87
0;B2;1.98;0;1.98
0;B3;1.86;0;1.86
0;B4;1.91;0;1.91
0;B5;1.86;0;1.86
watts;;483.80;;
amps;;28.01;;
0;B0;2.55;0;2.55
0;B1;2.54;0;2.54
0;B2;2.60;0;2.6
0;B3;2.57;0;2.57
0;B4;2.60;0;2.6
0;B5;2.57;0;2.57
watts;;486.54;;
amps;;0.00;;
0;B0;1.91;0;1.91
0;B1;1.80;0;1.8
0;B2;1.90;0;1.9
0;B3;1.78;0;1.78
0;B4;1.84;0;1.84
0;B5;1.79;0;1.79
watts;;492.33;;
amps;;30.84;;
0;B0;2.60;0;2.6
0;B1;2.59;0;2.59
0;B2;2.65;0;2.65
0;B3;2.62;0;2.62
0;B4;2.69;0;2.69
0;B5;2.62;0;2.62
watts;;493.37;;
amps;;0.00;;
0;B0;1.84;0;1.84
0;B1;1.74;0;1.74
0;B2;1.92;0;1.92
0;B3;1.72;0;1.72
0;B4;1.86;0;1.86
0;B5;1.76;0;1.76
watts;;497.58;;
amps;;29.78;;
0;B0;1.91;0;1.91
0;B1;1.83;0;1.83
0;B2;1.95;0;1.95
0;B3;1.83;0;1.83
0;B4;1.89;0;1.89
0;B5;1.83;0;1.83
watts;;506.76;;
amps;;27.34;;
0;B0;2.25;0;2.25
0;B1;2.12;0;2.12
0;B2;2.30;0;2.3
0;B3;2.22;0;2.22
0;B4;2.20;0;2.2
0;B5;2.18;0;2.18
watts;;509.92;;
amps;;6.84;;
0;B0;2.63;0;2.63
0;B1;2.63;0;2.63
0;B2;2.67;0;2.67
0;B3;2.65;0;2.65
0;B4;2.66;0;2.66
0;B5;2.61;0;2.61
watts;;511.51;;
amps;;0.00;;
0;B0;1.70;0;1.7
0;B1;1.59;0;1.59
0;B2;1.69;0;1.69
0;B3;1.57;0;1.57
0;B4;1.62;0;1.62
0;B5;1.67;0;1.67
watts;;516.98;;
amps;;41.50;;
0;B0;1.70;0;1.7
0;B1;1.63;0;1.63
0;B2;1.76;0;1.76
0;B3;1.62;0;1.62
0;B4;1.63;0;1.63
0;B5;1.61;0;1.61
watts;;522.52;;
amps;;37.06;;
0;B0;2.56;0;2.56
0;B1;2.56;0;2.56
0;B2;2.61;0;2.61
0;B3;2.59;0;2.59
0;B4;2.66;0;2.66
0;B5;2.61;0;2.61
watts;;529.97;;
amps;;0.00;;
0;B0;2.53;0;2.53
0;B1;2.52;0;2.52
0;B2;2.60;0;2.6
0;B3;2.56;0;2.56
0;B4;2.55;0;2.55
0;B5;2.64;0;2.64
watts;;533.90;;
amps;;0.00;;
0;B0;2.53;0;2.53
0;B1;2.52;0;2.52
0;B2;2.57;0;2.57
0;B3;2.55;0;2.55
0;B4;2.55;0;2.55
0;B5;2.52;0;2.52
watts;;537.30;;
amps;;0.00;;
0;B0;2.61;0;2.61
0;B1;2.61;0;2.61
0;B2;2.67;0;2.67
0;B3;2.63;0;2.63
0;B4;2.65;0;2.65
0;B5;2.60;0;2.6
watts;;537.30;;
amps;;0.00;;
0;B0;2.43;0;2.43
0;B1;2.42;0;2.42
0;B2;2.49;0;2.49
0;B3;2.41;0;2.41
0;B4;2.47;0;2.47
0;B5;2.41;0;2.41
watts;;537.92;;
amps;;9.23;;
0;B0;2.67;0;2.67
0;B1;2.67;0;2.67
0;B2;2.72;0;2.72
0;B3;2.68;0;2.68
0;B4;2.74;0;2.74
0;B5;2.65;0;2.65
watts;;538.01;;
amps;;0.00;;
0;B0;2.69;0;2.69
0;B1;2.69;0;2.69
0;B2;2.74;0;2.74
0;B3;2.70;0;2.7
0;B4;2.72;0;2.72
0;B5;2.68;0;2.68
watts;;538.01;;
amps;;0.00;;
0;B0;2.38;0;2.38
0;B1;2.38;0;2.38
0;B2;2.44;0;2.44
0;B3;2.36;0;2.36
0;B4;2.38;0;2.38
0;B5;2.40;0;2.4
watts;;539.13;;
amps;;13.29;;
0;B0;1.72;0;1.72
0;B1;1.62;0;1.62
0;B2;1.74;0;1.74
0;B3;1.60;0;1.6
0;B4;1.66;0;1.66
0;B5;1.60;0;1.6
watts;;544.85;;
amps;;38.73;;
0;B0;1.89;0;1.89
0;B1;1.80;0;1.8
0;B2;1.92;0;1.92
0;B3;1.80;0;1.8
0;B4;1.86;0;1.86
0;B5;1.79;0;1.79
watts;;550.11;;
amps;;30.67;;
0;B0;1.91;0;1.91
0;B1;1.83;0;1.83
0;B2;1.94;0;1.94
0;B3;1.82;0;1.82
0;B4;1.87;0;1.87
0;B5;1.83;0;1.83
watts;;554.28;;
amps;;28.73;;
0;B0;1.94;0;1.94
0;B1;1.87;0;1.87
0;B2;1.98;0;1.98
0;B3;1.87;0;1.87
0;B4;1.94;0;1.94
0;B5;1.87;0;1.87
watts;;558.59;;
amps;;26.45;;
0;B0;1.99;0;1.99
0;B1;1.91;0;1.91
0;B2;2.02;0;2.02
0;B3;1.92;0;1.92
0;B4;1.96;0;1.96
0;B5;1.91;0;1.91
watts;;562.71;;
amps;;25.45;;
0;B0;2.50;0;2.5
0;B1;2.50;0;2.5
0;B2;2.57;0;2.57
0;B3;2.54;0;2.54
0;B4;2.54;0;2.54
0;B5;2.51;0;2.51
watts;;565.72;;
amps;;0.00;;
0;B0;2.61;0;2.61
0;B1;2.60;0;2.6
0;B2;2.67;0;2.67
0;B3;2.62;0;2.62
0;B4;2.64;0;2.64
0;B5;2.60;0;2.6
watts;;566.06;;
amps;;0.00;;
0;B0;2.65;0;2.65
0;B1;2.65;0;2.65
0;B2;2.70;0;2.7
0;B3;2.66;0;2.66
0;B4;2.67;0;2.67
0;B5;2.63;0;2.63
watts;;566.12;;
amps;;0.00;;
0;B0;2.66;0;2.66
0;B1;2.66;0;2.66
0;B2;2.70;0;2.7
0;B3;2.69;0;2.69
0;B4;2.68;0;2.68
0;B5;2.66;0;2.66
watts;;566.60;;
amps;;0.00;;
0;B0;1.61;0;1.61
0;B1;1.50;0;1.5
0;B2;1.64;0;1.64
0;B3;1.46;0;1.46
0;B4;1.55;0;1.55
0;B5;1.49;0;1.49
watts;;569.22;;
amps;;46.78;;
0;B0;1.70;0;1.7
0;B1;1.60;0;1.6
0;B2;1.73;0;1.73
0;B3;1.61;0;1.61
0;B4;1.68;0;1.68
0;B5;1.60;0;1.6
watts;;574.74;;
amps;;35.39;;
0;B0;2.48;0;2.48
0;B1;2.45;0;2.45
0;B2;2.52;0;2.52
0;B3;2.50;0;2.5
0;B4;2.50;0;2.5
0;B5;2.46;0;2.46
watts;;579.87;;
amps;;0.00;;
0;B0;1.69;0;1.69
0;B1;1.57;0;1.57
0;B2;1.73;0;1.73
0;B3;1.57;0;1.57
0;B4;1.64;0;1.64
0;B5;1.59;0;1.59
watts;;582.65;;
amps;;38.73;;
0;B0;2.58;0;2.58
0;B1;2.57;0;2.57
0;B2;2.63;0;2.63
0;B3;2.59;0;2.59
0;B4;2.61;0;2.61
0;B5;2.56;0;2.56
watts;;583.97;;
amps;;0.00;;
0;B0;1.77;0;1.77
0;B1;1.68;0;1.68
0;B2;1.79;0;1.79
0;B3;1.69;0;1.69
0;B4;1.74;0;1.74
0;B5;1.68;0;1.68
watts;;593.55;;
amps;;31.73;;
0;B0;1.90;0;1.9
0;B1;1.81;0;1.81
0;B2;1.93;0;1.93
0;B3;1.83;0;1.83
0;B4;1.88;0;1.88
0;B5;1.82;0;1.82
watts;;598.09;;
amps;;26.78;;
0;B0;2.54;0;2.54
0;B1;2.51;0;2.51
0;B2;2.59;0;2.59
0;B3;2.55;0;2.55
0;B4;2.56;0;2.56
0;B5;2.52;0;2.52
watts;;600.69;;
amps;;0.00;;
0;B0;1.71;0;1.71
0;B1;1.60;0;1.6
0;B2;1.72;0;1.72
0;B3;1.60;0;1.6
0;B4;1.64;0;1.64
0;B5;1.59;0;1.59
watts;;606.94;;
amps;;36.95;;
0;B0;1.64;0;1.64
0;B1;1.52;0;1.52
0;B2;1.66;0;1.66
0;B3;1.52;0;1.52
0;B4;1.59;0;1.59
0;B5;1.51;0;1.51
watts;;608.00;;
amps;;42.67;;
0;B0;2.58;0;2.58
0;B1;2.56;0;2.56
0;B2;2.63;0;2.63
0;B3;2.60;0;2.6
0;B4;2.60;0;2.6
0;B5;2.56;0;2.56
watts;;611.10;;
amps;;0.00;;
0;B0;1.75;0;1.75
0;B1;1.66;0;1.66
0;B2;1.77;0;1.77
0;B3;1.64;0;1.64
0;B4;1.73;0;1.73
0;B5;1.65;0;1.65
watts;;614.71;;
amps;;34.78;;
0;B0;2.58;0;2.58
0;B1;2.56;0;2.56
0;B2;2.62;0;2.62
0;B3;2.59;0;2.59
0;B4;2.61;0;2.61
0;B5;2.56;0;2.56
watts;;616.46;;
amps;;0.00;;
0;B0;1.64;0;1.64
0;B1;1.51;0;1.51
0;B2;1.65;0;1.65
0;B3;1.51;0;1.51
0;B4;1.57;0;1.57
0;B5;1.52;0;1.52
watts;;619.85;;
amps;;37.45;;
0;B0;1.75;0;1.75
0;B1;1.65;0;1.65
0;B2;1.77;0;1.77
0;B3;1.66;0;1.66
0;B4;1.72;0;1.72
0;B5;1.64;0;1.64
watts;;625.49;;
amps;;33.56;;
0;B0;2.56;0;2.56
0;B1;2.54;0;2.54
0;B2;2.60;0;2.6
0;B3;2.57;0;2.57
0;B4;2.59;0;2.59
0;B5;2.55;0;2.55
watts;;626.69;;
amps;;0.00;;
0;B0;1.74;0;1.74
0;B1;1.65;0;1.65
0;B2;1.76;0;1.76
0;B3;1.58;0;1.58
0;B4;1.69;0;1.69
0;B5;1.62;0;1.62
watts;;627.44;;
amps;;38.89;;
0;B0;1.65;0;1.65
0;B1;1.52;0;1.52
0;B2;1.66;0;1.66
0;B3;1.53;0;1.53
0;B4;1.59;0;1.59
0;B5;1.52;0;1.52
watts;;633.54;;
amps;;38.28;;
0;B0;2.42;0;2.42
0;B1;2.37;0;2.37
0;B2;2.45;0;2.45
0;B3;2.45;0;2.45
0;B4;2.46;0;2.46
0;B5;2.42;0;2.42
watts;;638.63;;
amps;;0.00;;
0;B0;2.57;0;2.57
0;B1;2.55;0;2.55
0;B2;2.62;0;2.62
0;B3;2.60;0;2.6
0;B4;2.60;0;2.6
0;B5;2.56;0;2.56
watts;;642.78;;
amps;;0.00;;
0;B0;2.11;0;2.11
0;B1;2.04;0;2.04
0;B2;2.13;0;2.13
0;B3;2.04;0;2.04
0;B4;2.10;0;2.1
0;B5;2.04;0;2.04
watts;;644.60;;
amps;;24.73;;
0;B0;2.57;0;2.57
0;B1;2.56;0;2.56
0;B2;2.62;0;2.62
0;B3;2.59;0;2.59
0;B4;2.61;0;2.61
0;B5;2.57;0;2.57
watts;;646.89;;
amps;;0.00;;
0;B0;2.59;0;2.59
0;B1;2.57;0;2.57
0;B2;2.64;0;2.64
0;B3;2.60;0;2.6
0;B4;2.64;0;2.64
0;B5;2.57;0;2.57
watts;;647.75;;
amps;;0.00;;
0;B0;1.67;0;1.67
0;B1;1.57;0;1.57
0;B2;1.69;0;1.69
0;B3;1.52;0;1.52
0;B4;1.62;0;1.62
0;B5;1.53;0;1.53
watts;;649.98;;
amps;;46.72;;
0;B0;2.56;0;2.56
0;B1;2.52;0;2.52
0;B2;2.60;0;2.6
0;B3;2.58;0;2.58
0;B4;2.59;0;2.59
0;B5;2.53;0;2.53
watts;;653.09;;
amps;;0.00;;
0;B0;1.63;0;1.63
0;B1;1.52;0;1.52
0;B2;1.66;0;1.66
0;B3;1.50;0;1.5
0;B4;1.59;0;1.59
0;B5;1.51;0;1.51
watts;;656.14;;
amps;;42.45;;
0;B0;1.70;0;1.7
0;B1;1.65;0;1.65
0;B2;1.72;0;1.72
0;B3;1.65;0;1.65
0;B4;1.67;0;1.67
0;B5;1.65;0;1.65
watts;;661.57;;
amps;;32.67;;
0;B0;2.46;0;2.46
0;B1;2.42;0;2.42
0;B2;2.51;0;2.51
0;B3;2.48;0;2.48
0;B4;2.49;0;2.49
0;B5;2.44;0;2.44
watts;;666.01;;
amps;;0.00;;
0;B0;1.68;0;1.68
0;B1;1.59;0;1.59
0;B2;1.71;0;1.71
0;B3;1.58;0;1.58
0;B4;1.62;0;1.62
0;B5;1.58;0;1.58
watts;;667.76;;
amps;;39.11;;
0;B0;1.79;0;1.79
0;B1;1.68;0;1.68
0;B2;1.82;0;1.82
0;B3;1.70;0;1.7
0;B4;1.76;0;1.76
0;B5;1.68;0;1.68
watts;;672.87;;
amps;;30.17;;
0;B0;1.89;0;1.89
0;B1;1.79;0;1.79
0;B2;1.91;0;1.91
0;B3;1.81;0;1.81
0;B4;1.86;0;1.86
0;B5;1.79;0;1.79
watts;;677.05;;
amps;;25.84;;
0;B0;2.50;0;2.5
0;B1;2.47;0;2.47
0;B2;2.56;0;2.56
0;B3;2.52;0;2.52
0;B4;2.54;0;2.54
0;B5;2.50;0;2.5
watts;;679.58;;
amps;;0.00;;
0;B0;2.53;0;2.53
0;B1;2.50;0;2.5
0;B2;2.59;0;2.59
0;B3;2.54;0;2.54
0;B4;2.56;0;2.56
0;B5;2.51;0;2.51
watts;;685.25;;
amps;;1.01;;
0;B0;2.26;0;2.26
0;B1;2.20;0;2.2
0;B2;2.29;0;2.29
0;B3;2.24;0;2.24
0;B4;2.27;0;2.27
0;B5;2.22;0;2.22
watts;;685.93;;
amps;;14.34;;
0;B0;2.61;0;2.61
0;B1;2.58;0;2.58
0;B2;2.65;0;2.65
0;B3;2.62;0;2.62
0;B4;2.63;0;2.63
0;B5;2.58;0;2.58
watts;;687.30;;
amps;;0.00;;
0;B0;2.62;0;2.62
0;B1;2.60;0;2.6
0;B2;2.67;0;2.67
0;B3;2.64;0;2.64
0;B4;2.66;0;2.66
0;B5;2.61;0;2.61
watts;;689.53;;
amps;;0.00;;
0;B0;1.88;0;1.88
0;B1;1.78;0;1.78
0;B2;1.90;0;1.9
0;B3;1.79;0;1.79
0;B4;1.87;0;1.87
0;B5;1.78;0;1.78
watts;;692.88;;
amps;;31.45;;
0;B0;1.68;0;1.68
0;B1;1.56;0;1.56
0;B2;1.71;0;1.71
0;B3;1.56;0;1.56
0;B4;1.64;0;1.64
0;B5;1.54;0;1.54
watts;;696.28;;
amps;;40.61;;
0;B0;2.56;0;2.56
0;B1;2.53;0;2.53
0;B2;2.61;0;2.61
0;B3;2.58;0;2.58
0;B4;2.60;0;2.6
0;B5;2.54;0;2.54
watts;;699.06;;
amps;;0.00;;
0;B0;2.56;0;2.56
0;B1;2.54;0;2.54
0;B2;2.60;0;2.6
0;B3;2.58;0;2.58
0;B4;2.59;0;2.59
0;B5;2.54;0;2.54
watts;;700.96;;
amps;;0.00;;
0;B0;2.48;0;2.48
0;B1;2.44;0;2.44
0;B2;2.51;0;2.51
0;B3;2.49;0;2.49
0;B4;2.50;0;2.5
0;B5;2.45;0;2.45
watts;;708.04;;
amps;;2.12;;
0;B0;2.59;0;2.59
0;B1;2.56;0;2.56
0;B2;2.64;0;2.64
0;B3;2.61;0;2.61
0;B4;2.61;0;2.61
0;B5;2.58;0;2.58
watts;;709.22;;
amps;;0.00;;
0;B0;2.43;0;2.43
0;B1;2.37;0;2.37
0;B2;2.46;0;2.46
0;B3;2.42;0;2.42
0;B4;2.44;0;2.44
0;B5;2.40;0;2.4
watts;;712.26;;
amps;;6.96;;
0;B0;1.64;0;1.64
0;B1;1.52;0;1.52
0;B2;1.66;0;1.66
0;B3;1.52;0;1.52
0;B4;1.60;0;1.6
0;B5;1.52;0;1.52
watts;;718.15;;
amps;;36.67;;
0;B0;2.52;0;2.52
0;B1;2.48;0;2.48
0;B2;2.57;0;2.57
0;B3;2.54;0;2.54
0;B4;2.55;0;2.55
0;B5;2.50;0;2.5
watts;;721.58;;
amps;;0.00;;
0;B0;1.59;0;1.59
0;B1;1.46;0;1.46
0;B2;1.60;0;1.6
0;B3;1.45;0;1.45
0;B4;1.51;0;1.51
0;B5;1.45;0;1.45
watts;;722.46;;
amps;;44.72;;
0;B0;1.81;0;1.81
0;B1;1.70;0;1.7
0;B2;1.83;0;1.83
0;B3;1.73;0;1.73
0;B4;1.79;0;1.79
0;B5;1.72;0;1.72
watts;;737.23;;
amps;;30.34;;
0;B0;1.87;0;1.87
0;B1;1.76;0;1.76
0;B2;1.90;0;1.9
0;B3;1.79;0;1.79
0;B4;1.86;0;1.86
0;B5;1.77;0;1.77
watts;;741.60;;
amps;;26.28;;
0;B0;1.86;0;1.86
0;B1;1.76;0;1.76
0;B2;1.88;0;1.88
0;B3;1.78;0;1.78
0;B4;1.84;0;1.84
0;B5;1.76;0;1.76
watts;;745.65;;
amps;;28.34;;
0;B0;1.74;0;1.74
0;B1;1.62;0;1.62
0;B2;1.75;0;1.75
0;B3;1.64;0;1.64
0;B4;1.72;0;1.72
0;B5;1.63;0;1.63
watts;;749.11;;
amps;;32.78;;
0;B0;1.95;0;1.95
0;B1;1.84;0;1.84
0;B2;1.96;0;1.96
0;B3;1.87;0;1.87
0;B4;1.94;0;1.94
0;B5;1.87;0;1.87
watts;;761.44;;
amps;;23.62;;
0;B0;1.67;0;1.67
0;B1;1.54;0;1.54
0;B2;1.69;0;1.69
0;B3;1.55;0;1.55
0;B4;1.64;0;1.64
0;B5;1.53;0;1.53
watts;;763.42;;
amps;;39.50;;
0;B0;1.62;0;1.62
0;B1;1.50;0;1.5
0;B2;1.67;0;1.67	
0;B3;1.55;0;1.55
0;B4;1.57;0;1.57
0;B5;1.51;0;1.51
watts;;770.00;;
amps;;36.73;;
0;B0;1.58;0;1.58
0;B1;1.47;0;1.47
0;B2;1.58;0;1.58
0;B3;1.50;0;1.5
0;B4;1.56;0;1.56
0;B5;1.44;0;1.44
watts;;776.42;;
amps;;37.73;;
0;B0;2.02;0;2.02
0;B1;1.91;0;1.91
0;B2;2.02;0;2.02
0;B3;1.97;0;1.97
0;B4;2.01;0;2.01
0;B5;1.95;0;1.95
watts;;784.00;;
amps;;21.12;;
0;B0;1.72;0;1.72
0;B1;1.58;0;1.58
0;B2;1.73;0;1.73
0;B3;1.61;0;1.61
0;B4;1.70;0;1.7
0;B5;1.60;0;1.6
watts;;789.58;;
amps;;32.34;;
0;B0;2.48;0;2.48
0;B1;2.42;0;2.42
0;B2;2.51;0;2.51
0;B3;2.49;0;2.49
0;B4;2.51;0;2.51
0;B5;2.44;0;2.44
watts;;792.05;;
amps;;0.00;;
0;B0;2.57;0;2.57
0;B1;2.53;0;2.53
0;B2;2.62;0;2.62
0;B3;2.60;0;2.6
0;B4;2.61;0;2.61
0;B5;2.55;0;2.55
watts;;792.05;;
amps;;0.00;;
0;B0;2.61;0;2.61
0;B1;2.57;0;2.57
0;B2;2.66;0;2.66
0;B3;2.63;0;2.63
0;B4;2.64;0;2.64
0;B5;2.59;0;2.59
watts;;792.00;;
amps;;0.00;;
0;B0;2.65;0;2.65
0;B1;2.61;0;2.61
0;B2;2.69;0;2.69
0;B3;2.66;0;2.66
0;B4;2.69;0;2.69
0;B5;2.62;0;2.62
watts;;792.05;;
amps;;0.00;;
0;B0;2.37;0;2.37
0;B1;2.33;0;2.33
0;B2;2.42;0;2.42
0;B3;2.35;0;2.35
0;B4;2.40;0;2.4
0;B5;2.32;0;2.32
watts;;792.35;;
amps;;12.45;;
0;B0;1.60;0;1.6
0;B1;1.46;0;1.46
0;B2;1.60;0;1.6
0;B3;1.47;0;1.47
0;B4;1.57;0;1.57
0;B5;1.46;0;1.46
watts;;797.00;;
amps;;41.61;;
0;B0;2.50;0;2.5
0;B1;2.44;0;2.44
0;B2;2.54;0;2.54
0;B3;2.50;0;2.5
0;B4;2.53;0;2.53
0;B5;2.47;0;2.47
watts;;799.25;;
amps;;3.51;;
0;B0;2.57;0;2.57
0;B1;2.52;0;2.52
0;B2;2.61;0;2.61
0;B3;2.57;0;2.57
0;B4;2.61;0;2.61
0;B5;2.55;0;2.55
watts;;806.00;;
amps;;1.68;;
0;B0;2.53;0;2.53
0;B1;2.48;0;2.48
0;B2;2.58;0;2.58
0;B3;2.55;0;2.55
0;B4;2.57;0;2.57
0;B5;2.51;0;2.51
watts;;806.33;;
amps;;0.96;;
0;B0;2.01;0;2.01
0;B1;1.93;0;1.93
0;B2;2.04;0;2.04
0;B3;1.94;0;1.94
0;B4;2.00;0;2
0;B5;1.93;0;1.93
watts;;807.33;;
amps;;24.90;;
0;B0;1.68;0;1.68
0;B1;1.53;0;1.53
0;B2;1.66;0;1.66
0;B3;1.54;0;1.54
0;B4;1.63;0;1.63
0;B5;1.53;0;1.53
watts;;813.00;;
amps;;38.62;;
0;B0;1.78;0;1.78
0;B1;1.67;0;1.67
0;B2;1.80;0;1.8
0;B3;1.67;0;1.67
0;B4;1.77;0;1.77
0;B5;1.67;0;1.67
watts;;817.57;;
amps;;33.34;;
0;B0;1.65;0;1.65
0;B1;1.49;0;1.49
0;B2;1.64;0;1.64
0;B3;1.50;0;1.5
0;B4;1.60;0;1.6
0;B5;1.50;0;1.5
watts;;819.56;;
amps;;41.34;;
0;B0;1.63;0;1.63
0;B1;1.48;0;1.48
0;B2;1.66;0;1.66
0;B3;1.52;0;1.52
0;B4;1.58;0;1.58
0;B5;1.49;0;1.49
watts;;824.65;;
amps;;36.39;;
0;B0;1.81;0;1.81
0;B1;1.68;0;1.68
0;B2;1.82;0;1.82
0;B3;1.74;0;1.74
0;B4;1.80;0;1.8
0;B5;1.71;0;1.71
watts;;829.00;;
amps;;27.56;;
0;B0;1.84;0;1.84
0;B1;1.71;0;1.71
0;B2;1.85;0;1.85
0;B3;1.76;0;1.76
0;B4;1.85;0;1.85
0;B5;1.75;0;1.75
watts;;833.43;;
amps;;26.84;;
0;B0;1.87;0;1.87
0;B1;1.74;0;1.74
0;B2;1.88;0;1.88
0;B3;1.80;0;1.8
0;B4;1.86;0;1.86
0;B5;1.78;0;1.78
watts;;837.39;;
amps;;25.23;;
0;B0;1.84;0;1.84
0;B1;1.71;0;1.71
0;B2;1.84;0;1.84
0;B3;1.75;0;1.75
0;B4;1.82;0;1.82
0;B5;1.73;0;1.73
watts;;841.32;;
amps;;27.01;;
0;B0;1.67;0;1.67
0;B1;1.53;0;1.53
0;B2;1.68;0;1.68
0;B3;1.54;0;1.54
0;B4;1.63;0;1.63
0;B5;1.54;0;1.54
watts;;843.00;;
amps;;37.84;;
0;B0;2.19;0;2.19
0;B1;2.12;0;2.12
0;B2;2.22;0;2.22
0;B3;2.14;0;2.14
0;B4;2.21;0;2.21
0;B5;2.12;0;2.12
watts;;843.91;;
amps;;17.01;;
0;B0;2.55;0;2.55
0;B1;2.49;0;2.49
0;B2;2.59;0;2.59
0;B3;2.56;0;2.56
0;B4;2.61;0;2.61
0;B5;2.52;0;2.52
watts;;845.74;;
amps;;0.00;;
0;B0;2.18;0;2.18
0;B1;2.11;0;2.11
0;B2;2.25;0;2.25
0;B3;2.12;0;2.12
0;B4;2.20;0;2.2
0;B5;2.17;0;2.17
watts;;847.51;;
amps;;16.34;;
0;B0;2.14;0;2.14
0;B1;2.08;0;2.08
0;B2;2.21;0;2.21
0;B3;2.15;0;2.15
0;B4;2.16;0;2.16
0;B5;2.10;0;2.1
watts;;849.51;;
amps;;13.40;;
0;B0;2.42;0;2.42
0;B1;2.33;0;2.33
0;B2;2.44;0;2.44
0;B3;2.43;0;2.43
0;B4;2.46;0;2.46
0;B5;2.39;0;2.39
watts;;853.31;;
amps;;0.00;;
0;B0;2.50;0;2.5
0;B1;2.42;0;2.42
0;B2;2.53;0;2.53
0;B3;2.51;0;2.51
0;B4;2.54;0;2.54
0;B5;2.46;0;2.46
watts;;855.77;;
amps;;1.07;;
0;B0;1.63;0;1.63
0;B1;1.50;0;1.5
0;B2;1.63;0;1.63
0;B3;1.48;0;1.48
0;B4;1.58;0;1.58
0;B5;1.46;0;1.46
watts;;856.15;;
amps;;45.78;;
0;B0;1.62;0;1.62
0;B1;1.46;0;1.46
0;B2;1.62;0;1.62
0;B3;1.50;0;1.5
0;B4;1.58;0;1.58
0;B5;1.48;0;1.48
watts;;862.16;;
amps;;37.89;;
0;B0;1.92;0;1.92
0;B1;1.82;0;1.82
0;B2;1.93;0;1.93
0;B3;1.84;0;1.84
0;B4;1.90;0;1.9
0;B5;1.82;0;1.82
watts;;865.79;;
amps;;27.45;;
0;B0;2.50;0;2.5
0;B1;2.42;0;2.42
0;B2;2.53;0;2.53
0;B3;2.53;0;2.53
0;B4;2.56;0;2.56
0;B5;2.47;0;2.47
watts;;869.78;;
amps;;0.00;;
0;B0;2.53;0;2.53
0;B1;2.47;0;2.47
0;B2;2.56;0;2.56
0;B3;2.54;0;2.54
0;B4;2.56;0;2.56
0;B5;2.49;0;2.49
watts;;870.18;;
amps;;2.51;;
0;B0;2.53;0;2.53
0;B1;2.45;0;2.45
0;B2;2.57;0;2.57
0;B3;2.54;0;2.54
0;B4;2.56;0;2.56
0;B5;2.50;0;2.5
watts;;873.11;;
amps;;0.79;;
0;B0;2.30;0;2.3
0;B1;2.21;0;2.21
0;B2;2.32;0;2.32
0;B3;2.26;0;2.26
0;B4;2.30;0;2.3
0;B5;2.23;0;2.23
watts;;874.56;;
amps;;14.18;;
0;B0;1.78;0;1.78
0;B1;1.64;0;1.64
0;B2;1.78;0;1.78
0;B3;1.69;0;1.69
0;B4;1.78;0;1.78
0;B5;1.68;0;1.68
watts;;880.07;;
amps;;32.39;;
0;B0;1.60;0;1.6
0;B1;1.45;0;1.45
0;B2;1.60;0;1.6
0;B3;1.49;0;1.49
0;B4;1.58;0;1.58
0;B5;1.47;0;1.47
watts;;883.98;;
amps;;36.50;;
0;B0;1.79;0;1.79
0;B1;1.64;0;1.64
0;B2;1.80;0;1.8
0;B3;1.70;0;1.7
0;B4;1.78;0;1.78
0;B5;1.67;0;1.67
watts;;888.91;;
amps;;28.56;;
0;B0;1.83;0;1.83
0;B1;1.68;0;1.68
0;B2;1.83;0;1.83
0;B3;1.74;0;1.74
0;B4;1.82;0;1.82
0;B5;1.72;0;1.72
watts;;892.88;;
amps;;26.17;;
0;B0;1.54;0;1.54
0;B1;1.36;0;1.36
0;B2;1.53;0;1.53
0;B3;1.39;0;1.39
0;B4;1.51;0;1.51
0;B5;1.39;0;1.39
watts;;903.91;;
amps;;38.56;;
0;B0;1.63;0;1.63
0;B1;1.47;0;1.47
0;B2;1.63;0;1.63
0;B3;1.52;0;1.52
0;B4;1.62;0;1.62
0;B5;1.49;0;1.49
watts;;909.71;;
amps;;37.84;;
0;B0;2.49;0;2.49
0;B1;2.41;0;2.41
0;B2;2.52;0;2.52
0;B3;2.51;0;2.51
0;B4;2.55;0;2.55
0;B5;2.46;0;2.46
watts;;910.69;;
amps;;0.74;;
0;B0;1.91;0;1.91
0;B1;1.76;0;1.76
0;B2;1.91;0;1.91
0;B3;1.84;0;1.84
0;B4;1.89;0;1.89
0;B5;1.80;0;1.8
watts;;924.32;;
amps;;23.06;;
0;B0;1.86;0;1.86
0;B1;1.70;0;1.7
0;B2;1.85;0;1.85
0;B3;1.78;0;1.78
0;B4;1.84;0;1.84
0;B5;1.74;0;1.74
watts;;927.00;;
amps;;24.56;;
0;B0;2.55;0;2.55
0;B1;2.47;0;2.47
0;B2;2.58;0;2.58
0;B3;2.57;0;2.57
0;B4;2.59;0;2.59
0;B5;2.52;0;2.52
watts;;929.16;;
amps;;0.00;;
0;B0;2.59;0;2.59
0;B1;2.53;0;2.53
0;B2;2.64;0;2.64
0;B3;2.60;0;2.6
0;B4;2.64;0;2.64
0;B5;2.56;0;2.56
watts;;929.00;;
amps;;0.00;;
0;B0;2.37;0;2.37
0;B1;2.27;0;2.27
0;B2;2.40;0;2.4
0;B3;2.33;0;2.33
0;B4;2.38;0;2.38
0;B5;2.30;0;2.3
watts;;929.85;;
amps;;14.90;;
0;B0;2.59;0;2.59
0;B1;2.52;0;2.52
0;B2;2.63;0;2.63
0;B3;2.60;0;2.6
0;B4;2.65;0;2.65
0;B5;2.56;0;2.56
watts;;931.06;;
amps;;0.00;;
0;B0;2.63;0;2.63
0;B1;2.57;0;2.57
0;B2;2.67;0;2.67
0;B3;2.64;0;2.64
0;B4;2.67;0;2.67
0;B5;2.60;0;2.6
watts;;931.06;;
amps;;0.00;;
0;B0;2.65;0;2.65
0;B1;2.58;0;2.58
0;B2;2.69;0;2.69
0;B3;2.67;0;2.67
0;B4;2.69;0;2.69
0;B5;2.63;0;2.63
watts;;931.06;;
amps;;0.00;;
0;B0;1.75;0;1.75
0;B1;1.63;0;1.63
0;B2;1.76;0;1.76
0;B3;1.60;0;1.6
0;B4;1.74;0;1.74
0;B5;1.62;0;1.62
watts;;931.90;;
amps;;37.56;;
0;B0;2.62;0;2.62
0;B1;2.55;0;2.55
0;B2;2.66;0;2.66
0;B3;2.64;0;2.64
0;B4;2.68;0;2.68
0;B5;2.59;0;2.59
watts;;933.25;;
amps;;0.00;;
0;B0;2.34;0;2.34
0;B1;2.24;0;2.24
0;B2;2.36;0;2.36
0;B3;2.30;0;2.3
0;B4;2.36;0;2.36
0;B5;2.28;0;2.28
watts;;933.52;;
amps;;15.51;;
0;B0;1.61;0;1.61
0;B1;1.47;0;1.47
0;B2;1.60;0;1.6
0;B3;1.44;0;1.44
0;B4;1.57;0;1.57
0;B5;1.45;0;1.45
watts;;939.07;;
amps;;37.78;;
0;B0;1.62;0;1.62
0;B1;1.43;0;1.43
0;B2;1.63;0;1.63
0;B3;1.48;0;1.48
0;B4;1.59;0;1.59
0;B5;1.49;0;1.49
watts;;943.09;;
amps;;37.28;;
0;B0;2.00;0;2
0;B1;1.85;0;1.85
0;B2;2.00;0;2
0;B3;1.94;0;1.94
0;B4;2.01;0;2.01
0;B5;1.91;0;1.91
watts;;948.77;;
amps;;20.51;;
0;B0;1.76;0;1.76
0;B1;1.58;0;1.58
0;B2;1.74;0;1.74
0;B3;1.64;0;1.64
0;B4;1.75;0;1.75
0;B5;1.62;0;1.62
watts;;952.24;;
amps;;31.06;;
0;B0;1.75;0;1.75
0;B1;1.57;0;1.57
0;B2;1.76;0;1.76
0;B3;1.65;0;1.65
0;B4;1.73;0;1.73
0;B5;1.62;0;1.62
watts;;957.16;;
amps;;30.01;;
0;B0;1.85;0;1.85
0;B1;1.67;0;1.67
0;B2;1.83;0;1.83
0;B3;1.75;0;1.75
0;B4;1.84;0;1.84
0;B5;1.73;0;1.73
watts;;961.12;;
amps;;25.67;;
0;B0;1.86;0;1.86
0;B1;1.69;0;1.69
0;B2;1.86;0;1.86
0;B3;1.78;0;1.78
0;B4;1.86;0;1.86
0;B5;1.74;0;1.74
watts;;964.84;;
amps;;24.62;;
0;B0;1.64;0;1.64
0;B1;1.46;0;1.46
0;B2;1.63;0;1.63
0;B3;1.48;0;1.48
0;B4;1.62;0;1.62
0;B5;1.51;0;1.51
watts;;965.70;;
amps;;40.28;;
0;B0;2.06;0;2.06
0;B1;1.91;0;1.91
0;B2;2.08;0;2.08
0;B3;1.99;0;1.99
0;B4;2.06;0;2.06
0;B5;1.96;0;1.96
watts;;967.12;;
amps;;23.29;;
0;B0;2.56;0;2.56
0;B1;2.45;0;2.45
0;B2;2.59;0;2.59
0;B3;2.56;0;2.56
0;B4;2.60;0;2.6
0;B5;2.51;0;2.51
watts;;967.80;;
amps;;0.00;;
0;B0;2.13;0;2.13
0;B1;1.98;0;1.98
0;B2;2.15;0;2.15
0;B3;2.07;0;2.07
0;B4;2.14;0;2.14
0;B5;2.02;0;2.02
watts;;973.56;;
amps;;19.95;;
0;B0;2.42;0;2.42
0;B1;2.26;0;2.26
0;B2;2.43;0;2.43
0;B3;2.42;0;2.42
0;B4;2.47;0;2.47
0;B5;2.36;0;2.36
watts;;976.41;;
amps;;0.00;;
0;B0;2.24;0;2.24
0;B1;2.09;0;2.09
0;B2;2.24;0;2.24
0;B3;2.17;0;2.17
0;B4;2.24;0;2.24
0;B5;2.14;0;2.14
watts;;976.83;;
amps;;15.95;;
0;B0;2.56;0;2.56
0;B1;2.44;0;2.44
0;B2;2.57;0;2.57
0;B3;2.56;0;2.56
0;B4;2.59;0;2.59
0;B5;2.52;0;2.52
watts;;978.42;;
amps;;0.79;;
0;B0;2.51;0;2.51
0;B1;2.38;0;2.38
0;B2;2.55;0;2.55
0;B3;2.46;0;2.46
0;B4;2.56;0;2.56
0;B5;2.43;0;2.43
watts;;978.86;;
amps;;14.18;;
0;B0;2.26;0;2.26
0;B1;2.12;0;2.12
0;B2;2.26;0;2.26
0;B3;2.18;0;2.18
0;B4;2.30;0;2.3
0;B5;2.19;0;2.19
watts;;980.85;;
amps;;23.73;;
0;B0;1.72;0;1.72
0;B1;1.53;0;1.53
0;B2;1.69;0;1.69
0;B3;1.52;0;1.52
0;B4;1.71;0;1.71
0;B5;1.55;0;1.55
watts;;985.90;;
amps;;48.28;;
0;B0;2.51;0;2.51
0;B1;2.37;0;2.37
0;B2;2.52;0;2.52
0;B3;2.49;0;2.49
0;B4;2.57;0;2.57
0;B5;2.46;0;2.46
watts;;991.42;;
amps;;0.00;;
0;B0;1.77;0;1.77
0;B1;1.54;0;1.54
0;B2;1.72;0;1.72
0;B3;1.57;0;1.57
0;B4;1.74;0;1.74
0;B5;1.57;0;1.57
watts;;994.00;;
amps;;41.11;;
0;B0;1.91;0;1.91
0;B1;1.69;0;1.69
0;B2;1.89;0;1.89
0;B3;1.78;0;1.78
0;B4;1.94;0;1.94
0;B5;1.80;0;1.8
watts;;1002.34;;
amps;;27.12;;
0;B0;1.68;0;1.68
0;B1;1.43;0;1.43
0;B2;1.62;0;1.62
0;B3;1.52;0;1.52
0;B4;1.68;0;1.68
0;B5;1.49;0;1.49
watts;;1006.69;;
amps;;40.95;;
0;B0;1.67;0;1.67
0;B1;1.42;0;1.42
0;B2;1.63;0;1.63
0;B3;1.49;0;1.49
0;B4;1.68;0;1.68
0;B5;1.52;0;1.52
watts;;1011.73;;
amps;;37.73;;
0;B0;2.45;0;2.45
0;B1;2.27;0;2.27
0;B2;2.46;0;2.46
0;B3;2.43;0;2.43
0;B4;2.53;0;2.53
0;B5;2.40;0;2.4
watts;;1013.55;;
amps;;0.00;;
0;B0;2.43;0;2.43
0;B1;2.26;0;2.26
0;B2;2.44;0;2.44
0;B3;2.41;0;2.41
0;B4;2.47;0;2.47
0;B5;2.38;0;2.38
watts;;1014.56;;
amps;;5.18;;
0;B0;1.67;0;1.67
0;B1;1.41;0;1.41
0;B2;1.62;0;1.62
0;B3;1.48;0;1.48
0;B4;1.68;0;1.68
0;B5;1.48;0;1.48
watts;;1017.87;;
amps;;38.06;;
0;B0;2.45;0;2.45
0;B1;2.26;0;2.26
0;B2;2.46;0;2.46
0;B3;2.45;0;2.45
0;B4;2.53;0;2.53
0;B5;2.42;0;2.42
watts;;1021.24;;
amps;;0.00;;
0;B0;1.66;0;1.66
0;B1;1.37;0;1.37
0;B2;1.60;0;1.6
0;B3;1.46;0;1.46
0;B4;1.65;0;1.65
0;B5;1.48;0;1.48
watts;;1023.49;;
amps;;38.28;;
0;B0;2.50;0;2.5
0;B1;2.32;0;2.32
0;B2;2.51;0;2.51
0;B3;2.49;0;2.49
0;B4;2.57;0;2.57
0;B5;2.45;0;2.45
watts;;1025.57;;
amps;;0.00;;
0;B0;1.62;0;1.62
0;B1;1.35;0;1.35
0;B2;1.59;0;1.59
0;B3;1.44;0;1.44
0;B4;1.61;0;1.61
0;B5;1.43;0;1.43
watts;;1028.21;;
amps;;39.45;;
0;B0;1.62;0;1.62
0;B1;1.32;0;1.32
0;B2;1.59;0;1.59
0;B3;1.41;0;1.41
0;B4;1.59;0;1.59
0;B5;1.42;0;1.42
watts;;1033.83;;
amps;;47.11;;
0;B0;1.59;0;1.59
0;B1;1.25;0;1.25
0;B2;1.56;0;1.56
0;B3;1.40;0;1.4
0;B4;1.58;0;1.58
0;B5;1.38;0;1.38
watts;;1039.79;;
amps;;39.34;;
0;B0;2.46;0;2.46
0;B1;2.20;0;2.2
0;B2;2.48;0;2.48
0;B3;2.45;0;2.45
0;B4;2.51;0;2.51
0;B5;2.42;0;2.42
watts;;1049.30;;
amps;;1.24;;
0;B0;2.44;0;2.44
0;B1;2.18;0;2.18
0;B2;2.45;0;2.45
0;B3;2.41;0;2.41
0;B4;2.48;0;2.48
0;B5;2.37;0;2.37
watts;;1051.44;;
amps;;3.73;;
0;B0;2.32;0;2.32
0;B1;2.09;0;2.09
0;B2;2.34;0;2.34
0;B3;2.26;0;2.26
0;B4;2.36;0;2.36
0;B5;2.24;0;2.24
watts;;1052.91;;
amps;;13.07;;
0;B0;2.57;0;2.57
0;B1;2.31;0;2.31
0;B2;2.58;0;2.58
0;B3;2.56;0;2.56
0;B4;2.62;0;2.62
0;B5;2.51;0;2.51
watts;;1053.70;;
amps;;0.74;;
0;B0;2.03;0;2.03
0;B1;1.77;0;1.77
0;B2;2.06;0;2.06
0;B3;1.92;0;1.92
0;B4;2.07;0;2.07
0;B5;1.95;0;1.95
watts;;1054.79;;
amps;;29.12;;
0;B0;2.27;0;2.27
0;B1;1.98;0;1.98
0;B2;2.27;0;2.27
0;B3;2.24;0;2.24
0;B4;2.30;0;2.3
0;B5;2.17;0;2.17
watts;;1056.99;;
amps;;14.29;;
0;B0;2.57;0;2.57
0;B1;2.31;0;2.31
0;B2;2.58;0;2.58
0;B3;2.56;0;2.56
0;B4;2.62;0;2.62
0;B5;2.52;0;2.52
watts;;1058.50;;
amps;;0.74;;
0;B0;1.58;0;1.58
0;B1;1.22;0;1.22
0;B2;1.55;0;1.55
0;B3;1.38;0;1.38
0;B4;1.59;0;1.59
0;B5;1.38;0;1.38
watts;;1064.15;;
amps;;45.17;;
0;B0;2.48;0;2.48
0;B1;2.15;0;2.15
0;B2;2.49;0;2.49
0;B3;2.48;0;2.48
0;B4;2.53;0;2.53
0;B5;2.44;0;2.44
watts;;1070.48;;
amps;;0.00;;