0;B0;1.9;0;1.9
0;B1;1.83;0;1.83
0;B2;1.94;0;1.94
0;B3;1.72;0;1.72
0;B4;1.84;0;1.84
0;B5;1.8;0;1.8
watts;;2.75;;
amps;;40.53;;
0;B0;1.95;0;1.95
0;B1;1.92;0;1.92
0;B2;1.99;0;1.99
0;B3;1.83;0;1.83
0;B4;1.89;0;1.89
0;B5;1.87;0;1.87
watts;;7.79;;
amps;;32.86;;
0;B0;2.07;0;2.07
0;B1;2.02;0;2.02
0;B2;2.12;0;2.12
0;B3;1.97;0;1.97
0;B4;2.04;0;2.04
0;B5;2.02;0;2.02
watts;;17.29;;
amps;;26.59;;
0;B0;2.09;0;2.09
0;B1;2.04;0;2.04
0;B2;2.14;0;2.14
0;B3;1.98;0;1.98
0;B4;2.05;0;2.05
0;B5;2.03;0;2.03
watts;;21.34;;
amps;;26.92;;
0;B0;1.94;0;1.94
0;B1;1.87;0;1.87
0;B2;1.97;0;1.97
0;B3;1.82;0;1.82
0;B4;1.88;0;1.88
0;B5;1.86;0;1.86
watts;;24.91;;
amps;;33.25;;
0;B0;2.68;0;2.68
0;B1;2.69;0;2.69
0;B2;2.73;0;2.73
0;B3;2.7;0;2.7
0;B4;2.71;0;2.71
0;B5;2.69;0;2.69
watts;;28.96;;
amps;;0;;
0;B0;2.76;0;2.76
0;B1;2.77;0;2.77
0;B2;2.82;0;2.82
0;B3;2.76;0;2.76
0;B4;2.79;0;2.79
0;B5;2.76;0;2.76
watts;;29.52;;
amps;;0;;
0;B0;2.77;0;2.77
0;B1;2.78;0;2.78
0;B2;2.83;0;2.83
0;B3;2.77;0;2.77
0;B4;2.8;0;2.8
0;B5;2.78;0;2.78
watts;;31.49;;
amps;;0;;
0;B0;1.89;0;1.89
0;B1;1.81;0;1.81
0;B2;1.93;0;1.93
0;B3;1.76;0;1.76
0;B4;1.83;0;1.83
0;B5;1.81;0;1.81
watts;;35.76;;
amps;;34.36;;
0;B0;1.95;0;1.95
0;B1;1.87;0;1.87
0;B2;1.97;0;1.97
0;B3;1.82;0;1.82
0;B4;1.88;0;1.88
0;B5;1.86;0;1.86
watts;;40.1;;
amps;;29.86;;
0;B0;2.74;0;2.74
0;B1;2.74;0;2.74
0;B2;2.79;0;2.79
0;B3;2.74;0;2.74
0;B4;2.77;0;2.77
0;B5;2.74;0;2.74
watts;;41.51;;
amps;;0;;
0;B0;2.31;0;2.31
0;B1;2.27;0;2.27
0;B2;2.35;0;2.35
0;B3;2.23;0;2.23
0;B4;2.28;0;2.28
0;B5;2.28;0;2.28
watts;;50.11;;
amps;;19.31;;
0;B0;1.89;0;1.89
0;B1;1.82;0;1.82
0;B2;1.92;0;1.92
0;B3;1.75;0;1.75
0;B4;1.82;0;1.82
0;B5;1.81;0;1.81
watts;;54.74;;
amps;;31.09;;
0;B0;2.74;0;2.74
0;B1;2.74;0;2.74
0;B2;2.78;0;2.78
0;B3;2.73;0;2.73
0;B4;2.76;0;2.76
0;B5;2.73;0;2.73
watts;;56;;
amps;;0;;
0;B0;2.07;0;2.07
0;B1;2;0;2
0;B2;2.1;0;2.1
0;B3;1.93;0;1.93
0;B4;2.02;0;2.02
0;B5;1.99;0;1.99
watts;;56.91;;
amps;;27.81;;
0;B0;2.49;0;2.49
0;B1;2.46;0;2.46
0;B2;2.53;0;2.53
0;B3;2.45;0;2.45
0;B4;2.48;0;2.48
0;B5;2.46;0;2.46
watts;;60.62;;
amps;;11.04;;
0;B0;2.77;0;2.77
0;B1;2.76;0;2.76
0;B2;2.83;0;2.83
0;B3;2.76;0;2.76
0;B4;2.8;0;2.8
0;B5;2.77;0;2.77
watts;;61.47;;
amps;;0;;
0;B0;1.99;0;1.99
0;B1;1.93;0;1.93
0;B2;2.03;0;2.03
0;B3;1.89;0;1.89
0;B4;1.95;0;1.95
0;B5;1.94;0;1.94
watts;;63.71;;
amps;;32.53;;
0;B0;2.35;0;2.35
0;B1;2.3;0;2.3
0;B2;2.37;0;2.37
0;B3;2.29;0;2.29
0;B4;2.34;0;2.34
0;B5;2.3;0;2.3
watts;;69.14;;
amps;;17.37;;
0;B0;2.71;0;2.71
0;B1;2.7;0;2.7
0;B2;2.76;0;2.76
0;B3;2.71;0;2.71
0;B4;2.72;0;2.72
0;B5;2.7;0;2.7
watts;;72.51;;
amps;;0;;
0;B0;2.49;0;2.49
0;B1;2.46;0;2.46
0;B2;2.55;0;2.55
0;B3;2.44;0;2.44
0;B4;2.5;0;2.5
0;B5;2.47;0;2.47
watts;;75.78;;
amps;;12.92;;
0;B0;2.31;0;2.31
0;B1;2.27;0;2.27
0;B2;2.35;0;2.35
0;B3;2.24;0;2.24
0;B4;2.29;0;2.29
0;B5;2.27;0;2.27
watts;;79.24;;
amps;;18.64;;
0;B0;2.05;0;2.05
0;B1;2;0;2
0;B2;2.11;0;2.11
0;B3;1.96;0;1.96
0;B4;2.02;0;2.02
0;B5;2.01;0;2.01
watts;;86.18;;
amps;;27.2;;
0;B0;2.59;0;2.59
0;B1;2.61;0;2.61
0;B2;2.66;0;2.66
0;B3;2.61;0;2.61
0;B4;2.63;0;2.63
0;B5;2.57;0;2.57
watts;;87.47;;
amps;;9.31;;
0;B0;2.71;0;2.71
0;B1;2.71;0;2.71
0;B2;2.76;0;2.76
0;B3;2.73;0;2.73
0;B4;2.73;0;2.73
0;B5;2.71;0;2.71
watts;;90.91;;
amps;;0;;
0;B0;2.24;0;2.24
0;B1;2.19;0;2.19
0;B2;2.28;0;2.28
0;B3;2.16;0;2.16
0;B4;2.32;0;2.32
0;B5;2.19;0;2.19
watts;;92.13;;
amps;;23.59;;
0;B0;2.34;0;2.34
0;B1;2.29;0;2.29
0;B2;2.38;0;2.38
0;B3;2.26;0;2.26
0;B4;2.31;0;2.31
0;B5;2.29;0;2.29
watts;;94.02;;
amps;;16.87;;
0;B0;2.46;0;2.46
0;B1;2.41;0;2.41
0;B2;2.51;0;2.51
0;B3;2.41;0;2.41
0;B4;2.45;0;2.45
0;B5;2.44;0;2.44
watts;;96.93;;
amps;;13.31;;
0;B0;2.54;0;2.54
0;B1;2.49;0;2.49
0;B2;2.58;0;2.58
0;B3;2.5;0;2.5
0;B4;2.54;0;2.54
0;B5;2.51;0;2.51
watts;;99.14;;
amps;;11.31;;
0;B0;1.94;0;1.94
0;B1;1.86;0;1.86
0;B2;1.98;0;1.98
0;B3;1.82;0;1.82
0;B4;1.87;0;1.87
0;B5;1.86;0;1.86
watts;;104.69;;
amps;;34.09;;
0;B0;2.7;0;2.7
0;B1;2.69;0;2.69
0;B2;2.75;0;2.75
0;B3;2.69;0;2.69
0;B4;2.72;0;2.72
0;B5;2.7;0;2.7
watts;;106.41;;
amps;;2.37;;
0;B0;2.78;0;2.78
0;B1;2.78;0;2.78
0;B2;2.84;0;2.84
0;B3;2.78;0;2.78
0;B4;2.8;0;2.8
0;B5;2.77;0;2.77
watts;;106.64;;
amps;;0.76;;
0;B0;2.82;0;2.82
0;B1;2.81;0;2.81
0;B2;2.87;0;2.87
0;B3;2.82;0;2.82
0;B4;2.85;0;2.85
0;B5;2.82;0;2.82
watts;;106.72;;
amps;;0;;
0;B0;2.84;0;2.84
0;B1;2.84;0;2.84
0;B2;2.9;0;2.9
0;B3;2.84;0;2.84
0;B4;2.86;0;2.86
0;B5;2.83;0;2.83
watts;;106.88;;
amps;;0;;
0;B0;2.82;0;2.82
0;B1;2.82;0;2.82
0;B2;2.87;0;2.87
0;B3;2.81;0;2.81
0;B4;2.84;0;2.84
0;B5;2.81;0;2.81
watts;;106.91;;
amps;;1.87;;
0;B0;2.73;0;2.73
0;B1;2.74;0;2.74
0;B2;2.79;0;2.79
0;B3;2.71;0;2.71
0;B4;2.76;0;2.76
0;B5;2.72;0;2.72
watts;;108.03;;
amps;;4.98;;
0;B0;2.77;0;2.77
0;B1;2.77;0;2.77
0;B2;2.83;0;2.83
0;B3;2.76;0;2.76
0;B4;2.79;0;2.79
0;B5;2.76;0;2.76
watts;;108.63;;
amps;;3.31;;
0;B0;2.55;0;2.55
0;B1;2.53;0;2.53
0;B2;2.61;0;2.61
0;B3;2.54;0;2.54
0;B4;2.57;0;2.57
0;B5;2.53;0;2.53
watts;;110.34;;
amps;;12.7;;
0;B0;2.84;0;2.84
0;B1;2.85;0;2.85
0;B2;2.9;0;2.9
0;B3;2.84;0;2.84
0;B4;2.86;0;2.86
0;B5;2.84;0;2.84
watts;;110.82;;
amps;;0;;
0;B0;2.87;0;2.87
0;B1;2.87;0;2.87
0;B2;2.94;0;2.94
0;B3;2.86;0;2.86
0;B4;2.9;0;2.9
0;B5;2.86;0;2.86
watts;;111.42;;
amps;;0;;
0;B0;2.87;0;2.87
0;B1;2.87;0;2.87
0;B2;2.92;0;2.92
0;B3;2.88;0;2.88
0;B4;2.9;0;2.9
0;B5;2.88;0;2.88
watts;;111.43;;
amps;;0;;
0;B0;2.86;0;2.86
0;B1;2.88;0;2.88
0;B2;2.94;0;2.94
0;B3;2.88;0;2.88
0;B4;2.9;0;2.9
0;B5;2.88;0;2.88
watts;;111.87;;
amps;;0;;
0;B0;2.69;0;2.69
0;B1;2.69;0;2.69
0;B2;2.75;0;2.75
0;B3;2.68;0;2.68
0;B4;2.72;0;2.72
0;B5;2.69;0;2.69
watts;;112.04;;
amps;;8.15;;
0;B0;2.87;0;2.87
0;B1;2.9;0;2.9
0;B2;2.95;0;2.95
0;B3;2.88;0;2.88
0;B4;2.91;0;2.91
0;B5;2.88;0;2.88
watts;;112.55;;
amps;;0;;
0;B0;2.75;0;2.75
0;B1;2.75;0;2.75
0;B2;2.82;0;2.82
0;B3;2.74;0;2.74
0;B4;2.77;0;2.77
0;B5;2.74;0;2.74
watts;;113.29;;
amps;;5.26;;
0;B0;2.89;0;2.89
0;B1;2.9;0;2.9
0;B2;2.93;0;2.93
0;B3;2.89;0;2.89
0;B4;2.92;0;2.92
0;B5;2.89;0;2.89
watts;;113.39;;
amps;;0;;
0;B0;2.89;0;2.89
0;B1;2.89;0;2.89
0;B2;2.96;0;2.96
0;B3;2.88;0;2.88
0;B4;2.92;0;2.92
0;B5;2.89;0;2.89
watts;;113.65;;
amps;;0;;
0;B0;2.9;0;2.9
0;B1;2.91;0;2.91
0;B2;2.96;0;2.96
0;B3;2.9;0;2.9
0;B4;2.93;0;2.93
0;B5;2.9;0;2.9
watts;;113.76;;
amps;;0;;
0;B0;2.88;0;2.88
0;B1;2.89;0;2.89
0;B2;2.94;0;2.94
0;B3;2.88;0;2.88
0;B4;2.91;0;2.91
0;B5;2.88;0;2.88
watts;;114.42;;
amps;;0;;
0;B0;2.89;0;2.89
0;B1;2.89;0;2.89
0;B2;2.94;0;2.94
0;B3;2.88;0;2.88
0;B4;2.92;0;2.92
0;B5;2.88;0;2.88
watts;;116.05;;
amps;;0;;
0;B0;2.82;0;2.82
0;B1;2.82;0;2.82
0;B2;2.87;0;2.87
0;B3;2.81;0;2.81
0;B4;2.85;0;2.85
0;B5;2.81;0;2.81
watts;;116.24;;
amps;;3.26;;
0;B0;2.87;0;2.87
0;B1;2.89;0;2.89
0;B2;2.94;0;2.94
0;B3;2.87;0;2.87
0;B4;2.91;0;2.91
0;B5;2.87;0;2.87
watts;;116.81;;
amps;;0;;
0;B0;2.89;0;2.89
0;B1;2.91;0;2.91
0;B2;2.95;0;2.95
0;B3;2.89;0;2.89
0;B4;2.92;0;2.92
0;B5;2.89;0;2.89
watts;;117.18;;
amps;;0;;
0;B0;2.9;0;2.9
0;B1;2.91;0;2.91
0;B2;2.95;0;2.95
0;B3;2.9;0;2.9
0;B4;2.93;0;2.93
0;B5;2.89;0;2.89
watts;;117.19;;
amps;;0;;
0;B0;2.84;0;2.84
0;B1;2.86;0;2.86
0;B2;2.92;0;2.92
0;B3;2.83;0;2.83
0;B4;2.88;0;2.88
0;B5;2.84;0;2.84
watts;;118.04;;
amps;;1.48;;
0;B0;2.91;0;2.91
0;B1;2.91;0;2.91
0;B2;2.95;0;2.95
0;B3;2.91;0;2.91
0;B4;2.94;0;2.94
0;B5;2.91;0;2.91
watts;;118;;
amps;;0;;
0;B0;2.85;0;2.85
0;B1;2.86;0;2.86
0;B2;2.9;0;2.9
0;B3;2.83;0;2.83
0;B4;2.87;0;2.87
0;B5;2.84;0;2.84
watts;;120.52;;
amps;;3.55;;
0;B0;2.91;0;2.91
0;B1;2.92;0;2.92
0;B2;2.95;0;2.95
0;B3;2.88;0;2.88
0;B4;2.93;0;2.93
0;B5;2.89;0;2.89
watts;;120.97;;
amps;;1.6;;
0;B0;2.89;0;2.89
0;B1;2.9;0;2.9
0;B2;2.94;0;2.94
0;B3;2.89;0;2.89
0;B4;2.94;0;2.94
0;B5;2.88;0;2.88
watts;;121.31;;
amps;;1.6;;
0;B0;2.87;0;2.87
0;B1;2.89;0;2.89
0;B2;2.93;0;2.93
0;B3;2.87;0;2.87
0;B4;2.91;0;2.91
0;B5;2.87;0;2.87
watts;;121.8;;
amps;;2.33;;
0;B0;2.91;0;2.91
0;B1;2.93;0;2.93
0;B2;2.97;0;2.97
0;B3;2.91;0;2.91
0;B4;2.94;0;2.94
0;B5;2.91;0;2.91
watts;;122.52;;
amps;;0;;
0;B0;2.86;0;2.86
0;B1;2.87;0;2.87
0;B2;2.93;0;2.93
0;B3;2.85;0;2.85
0;B4;2.89;0;2.89
0;B5;2.85;0;2.85
watts;;122.91;;
amps;;2.38;;
0;B0;2.85;0;2.85
0;B1;2.86;0;2.86
0;B2;2.91;0;2.91
0;B3;2.85;0;2.85
0;B4;2.88;0;2.88
0;B5;2.85;0;2.85
watts;;123.44;;
amps;;2.16;;
0;B0;2.78;0;2.78
0;B1;2.76;0;2.76
0;B2;2.8;0;2.8
0;B3;2.72;0;2.72
0;B4;2.78;0;2.78
0;B5;2.74;0;2.74
watts;;125;;
amps;;6.27;;
0;B0;2.83;0;2.83
0;B1;2.82;0;2.82
0;B2;2.87;0;2.87
0;B3;2.79;0;2.79
0;B4;2.84;0;2.84
0;B5;2.82;0;2.82
watts;;125.72;;
amps;;2.83;;
0;B0;2.81;0;2.81
0;B1;2.81;0;2.81
0;B2;2.85;0;2.85
0;B3;2.76;0;2.76
0;B4;2.83;0;2.83
0;B5;2.79;0;2.79
watts;;126.31;;
amps;;4.6;;
0;B0;2.8;0;2.8
0;B1;2.8;0;2.8
0;B2;2.85;0;2.85
0;B3;2.78;0;2.78
0;B4;2.83;0;2.83
0;B5;2.79;0;2.79
watts;;126.9;;
amps;;4.49;;
0;B0;2.82;0;2.82
0;B1;2.83;0;2.83
0;B2;2.89;0;2.89
0;B3;2.79;0;2.79
0;B4;2.85;0;2.85
0;B5;2.81;0;2.81
watts;;127.3;;
amps;;3.21;;
0;B0;2.84;0;2.84
0;B1;2.83;0;2.83
0;B2;2.91;0;2.91
0;B3;2.82;0;2.82
0;B4;2.87;0;2.87
0;B5;2.84;0;2.84
watts;;127.78;;
amps;;1.99;;
0;B0;2.92;0;2.92
0;B1;2.93;0;2.93
0;B2;2.98;0;2.98
0;B3;2.91;0;2.91
0;B4;2.95;0;2.95
0;B5;2.91;0;2.91
watts;;127.83;;
amps;;0;;
0;B0;2.93;0;2.93
0;B1;2.94;0;2.94
0;B2;2.98;0;2.98
0;B3;2.92;0;2.92
0;B4;2.96;0;2.96
0;B5;2.92;0;2.92
watts;;127.84;;
amps;;0;;
0;B0;2.92;0;2.92
0;B1;2.93;0;2.93
0;B2;2.98;0;2.98
0;B3;2.91;0;2.91
0;B4;2.96;0;2.96
0;B5;2.91;0;2.91
watts;;127.84;;
amps;;0;;
0;B0;2.92;0;2.92
0;B1;2.94;0;2.94
0;B2;2.99;0;2.99
0;B3;2.93;0;2.93
0;B4;2.96;0;2.96
0;B5;2.93;0;2.93
watts;;127.99;;
amps;;0;;
0;B0;2.75;0;2.75
0;B1;2.73;0;2.73
0;B2;2.8;0;2.8
0;B3;2.72;0;2.72
0;B4;2.76;0;2.76
0;B5;2.73;0;2.73
watts;;128.83;;
amps;;7.32;;
0;B0;2.25;0;2.25
0;B1;2.19;0;2.19
0;B2;2.29;0;2.29
0;B3;2.14;0;2.14
0;B4;2.22;0;2.22
0;B5;2.19;0;2.19
watts;;121;;
amps;;24.71;;
0;B0;2.83;0;2.83
0;B1;2.83;0;2.83
0;B2;2.89;0;2.89
0;B3;2.83;0;2.83
0;B4;2.86;0;2.86
0;B5;2.84;0;2.84
watts;;133.35;;
amps;;0;;
0;B0;2.86;0;2.86
0;B1;2.86;0;2.86
0;B2;2.92;0;2.92
0;B3;2.85;0;2.85
0;B4;2.89;0;2.89
0;B5;2.86;0;2.86
watts;;133.51;;
amps;;0;;
0;B0;2.86;0;2.86
0;B1;2.87;0;2.87
0;B2;2.93;0;2.93
0;B3;2.86;0;2.86
0;B4;2.88;0;2.88
0;B5;2.86;0;2.86
watts;;134;;
amps;;0;;
0;B0;2.81;0;2.81
0;B1;2.81;0;2.81
0;B2;2.88;0;2.88
0;B3;2.79;0;2.79
0;B4;2.83;0;2.83
0;B5;2.8;0;2.8
watts;;134.23;;
amps;;3.83;;
0;B0;2.85;0;2.85
0;B1;2.86;0;2.86
0;B2;2.91;0;2.91
0;B3;2.84;0;2.84
0;B4;2.88;0;2.88
0;B5;2.85;0;2.85
watts;;134.86;;
amps;;0.94;;
0;B0;2.91;0;2.91
0;B1;2.91;0;2.91
0;B2;2.97;0;2.97
0;B3;2.9;0;2.9
0;B4;2.93;0;2.93
0;B5;2.9;0;2.9
watts;;134.86;;
amps;;0;;
0;B0;2.76;0;2.76
0;B1;2.76;0;2.76
0;B2;2.82;0;2.82
0;B3;2.74;0;2.74
0;B4;2.79;0;2.79
0;B5;2.75;0;2.75
watts;;135.57;;
amps;;4.05;;
0;B0;2.89;0;2.89
0;B1;2.91;0;2.91
0;B2;2.95;0;2.95
0;B3;2.9;0;2.9
0;B4;2.93;0;2.93
0;B5;2.9;0;2.9
watts;;135;;
amps;;0;;
0;B0;2.63;0;2.63
0;B1;2.63;0;2.63
0;B2;2.68;0;2.68
0;B3;2.61;0;2.61
0;B4;2.63;0;2.63
0;B5;2.6;0;2.6
watts;;138.93;;
amps;;8.32;;
0;B0;2.52;0;2.52
0;B1;2.5;0;2.5
0;B2;2.58;0;2.58
0;B3;2.48;0;2.48
0;B4;2.54;0;2.54
0;B5;2.5;0;2.5
watts;;140.97;;
amps;;11.21;;
0;B0;2.49;0;2.49
0;B1;2.47;0;2.47
0;B2;2.56;0;2.56
0;B3;2.43;0;2.43
0;B4;2.5;0;2.5
0;B5;2.47;0;2.47
watts;;142;;
amps;;13.6;;
0;B0;2.74;0;2.74
0;B1;2.74;0;2.74
0;B2;2.8;0;2.8
0;B3;2.73;0;2.73
0;B4;2.77;0;2.77
0;B5;2.74;0;2.74
watts;;145.58;;
amps;;2.05;;
0;B0;2.34;0;2.34
0;B1;2.31;0;2.31
0;B2;2.39;0;2.39
0;B3;2.26;0;2.26
0;B4;2.31;0;2.31
0;B5;2.28;0;2.28
watts;;146.44;;
amps;;21.21;;
0;B0;2.81;0;2.81
0;B1;2.81;0;2.81
0;B2;2.89;0;2.89
0;B3;2.82;0;2.82
0;B4;2.84;0;2.84
0;B5;2.81;0;2.81
watts;;147.5;;
amps;;0;;
0;B0;2.11;0;2.11
0;B1;2.06;0;2.06
0;B2;2.16;0;2.16
0;B3;2.01;0;2.01
0;B4;2.08;0;2.08
0;B5;2.05;0;2.05
watts;;151.36;;
amps;;30.1;;
0;B0;2.78;0;2.78
0;B1;2.8;0;2.8
0;B2;2.85;0;2.85
0;B3;2.79;0;2.79
0;B4;2.82;0;2.82
0;B5;2.79;0;2.79
watts;;151.97;;
amps;;0.77;;
0;B0;2.72;0;2.72
0;B1;2.72;0;2.72
0;B2;2.78;0;2.78
0;B3;2.72;0;2.72
0;B4;2.75;0;2.75
0;B5;2.73;0;2.73
watts;;152.49;;
amps;;4.66;;
0;B0;2.8;0;2.8
0;B1;2.8;0;2.8
0;B2;2.87;0;2.87
0;B3;2.79;0;2.79
0;B4;2.83;0;2.83
0;B5;2.8;0;2.8
watts;;153.38;;
amps;;1.22;;
0;B0;2.77;0;2.77
0;B1;2.79;0;2.79
0;B2;2.85;0;2.85
0;B3;2.77;0;2.77
0;B4;2.8;0;2.8
0;B5;2.77;0;2.77
watts;;153.79;;
amps;;2.77;;
0;B0;2.68;0;2.68
0;B1;2.68;0;2.68
0;B2;2.75;0;2.75
0;B3;2.65;0;2.65
0;B4;2.71;0;2.71
0;B5;2.68;0;2.68
watts;;154.35;;
amps;;5.83;;
0;B0;2.84;0;2.84
0;B1;2.86;0;2.86
0;B2;2.92;0;2.92
0;B3;2.85;0;2.85
0;B4;2.88;0;2.88
0;B5;2.85;0;2.85
watts;;155.01;;
amps;;0;;
0;B0;2.82;0;2.82
0;B1;2.83;0;2.83
0;B2;2.89;0;2.89
0;B3;2.82;0;2.82
0;B4;2.85;0;2.85
0;B5;2.83;0;2.83
watts;;155.8;;
amps;;0.72;;
0;B0;2.43;0;2.43
0;B1;2.38;0;2.38
0;B2;2.47;0;2.47
0;B3;2.37;0;2.37
0;B4;2.42;0;2.42
0;B5;2.39;0;2.39
watts;;156.35;;
amps;;19.77;;
0;B0;2.83;0;2.83
0;B1;2.85;0;2.85
0;B2;2.9;0;2.9
0;B3;2.84;0;2.84
0;B4;2.87;0;2.87
0;B5;2.84;0;2.84
watts;;157.12;;
amps;;0;;
0;B0;2.86;0;2.86
0;B1;2.87;0;2.87
0;B2;2.94;0;2.94
0;B3;2.87;0;2.87
0;B4;2.91;0;2.91
0;B5;2.87;0;2.87
watts;;157.12;;
amps;;0;;
0;B0;2.77;0;2.77
0;B1;2.77;0;2.77
0;B2;2.83;0;2.83
0;B3;2.77;0;2.77
0;B4;2.79;0;2.79
0;B5;2.77;0;2.77
watts;;158.02;;
amps;;2.49;;
0;B0;2.56;0;2.56
0;B1;2.54;0;2.54
0;B2;2.59;0;2.59
0;B3;2.53;0;2.53
0;B4;2.55;0;2.55
0;B5;2.54;0;2.54
watts;;158.98;;
amps;;14.82;;
0;B0;2.62;0;2.62
0;B1;2.61;0;2.61
0;B2;2.68;0;2.68
0;B3;2.59;0;2.59
0;B4;2.63;0;2.63
0;B5;2.61;0;2.61
watts;;160;;
amps;;8.6;;
0;B0;2.68;0;2.68
0;B1;2.66;0;2.66
0;B2;2.75;0;2.75
0;B3;2.66;0;2.66
0;B4;2.69;0;2.69
0;B5;2.67;0;2.67
watts;;161.52;;
amps;;6.16;;
0;B0;2.8;0;2.8
0;B1;2.81;0;2.81
0;B2;2.87;0;2.87
0;B3;2.81;0;2.81
0;B4;2.83;0;2.83
0;B5;2.82;0;2.82
watts;;162.65;;
amps;;0;;
0;B0;2.74;0;2.74
0;B1;2.73;0;2.73
0;B2;2.82;0;2.82
0;B3;2.71;0;2.71
0;B4;2.77;0;2.77
0;B5;2.74;0;2.74
watts;;163.1;;
amps;;4.27;;
0;B0;2.85;0;2.85
0;B1;2.85;0;2.85
0;B2;2.91;0;2.91
0;B3;2.85;0;2.85
0;B4;2.88;0;2.88
0;B5;2.85;0;2.85
watts;;163.39;;
amps;;0;;
0;B0;2.72;0;2.72
0;B1;2.71;0;2.71
0;B2;2.78;0;2.78
0;B3;2.7;0;2.7
0;B4;2.74;0;2.74
0;B5;2.71;0;2.71
watts;;163.99;;
amps;;6.16;;
0;B0;2.5;0;2.5
0;B1;2.48;0;2.48
0;B2;2.56;0;2.56
0;B3;2.44;0;2.44
0;B4;2.5;0;2.5
0;B5;2.47;0;2.47
watts;;165.3;;
amps;;13.55;;
0;B0;2.3;0;2.3
0;B1;2.19;0;2.19
0;B2;2.31;0;2.31
0;B3;2.23;0;2.23
0;B4;2.28;0;2.28
0;B5;2.23;0;2.23
watts;;168.79;;
amps;;20.88;;
0;B0;2.74;0;2.74
0;B1;2.74;0;2.74
0;B2;2.81;0;2.81
0;B3;2.74;0;2.74
0;B4;2.77;0;2.77
0;B5;2.75;0;2.75
watts;;170.79;;
amps;;0;;
0;B0;2.68;0;2.68
0;B1;2.69;0;2.69
0;B2;2.76;0;2.76
0;B3;2.65;0;2.65
0;B4;2.72;0;2.72
0;B5;2.69;0;2.69
watts;;171;;
amps;;5.44;;
0;B0;2.84;0;2.84
0;B1;2.85;0;2.85
0;B2;2.9;0;2.9
0;B3;2.85;0;2.85
0;B4;2.87;0;2.87
0;B5;2.85;0;2.85
watts;;171.32;;
amps;;0;;
0;B0;2.85;0;2.85
0;B1;2.86;0;2.86
0;B2;2.93;0;2.93
0;B3;2.86;0;2.86
0;B4;2.89;0;2.89
0;B5;2.86;0;2.86
watts;;171.32;;
amps;;0;;
0;B0;2.86;0;2.86
0;B1;2.87;0;2.87
0;B2;2.92;0;2.92
0;B3;2.86;0;2.86
0;B4;2.89;0;2.89
0;B5;2.87;0;2.87
watts;;171.32;;
amps;;0;;
0;B0;2.88;0;2.88
0;B1;2.88;0;2.88
0;B2;2.94;0;2.94
0;B3;2.89;0;2.89
0;B4;2.91;0;2.91
0;B5;2.89;0;2.89
watts;;171.32;;
amps;;0;;
0;B0;2.65;0;2.65
0;B1;2.63;0;2.63
0;B2;2.71;0;2.71
0;B3;2.62;0;2.62
0;B4;2.66;0;2.66
0;B5;2.63;0;2.63
watts;;172.39;;
amps;;8.49;;
0;B0;2.72;0;2.72
0;B1;2.72;0;2.72
0;B2;2.78;0;2.78
0;B3;2.71;0;2.71
0;B4;2.75;0;2.75
0;B5;2.72;0;2.72
watts;;173.8;;
amps;;3.49;;
0;B0;2.81;0;2.81
0;B1;2.81;0;2.81
0;B2;2.87;0;2.87
0;B3;2.82;0;2.82
0;B4;2.85;0;2.85
0;B5;2.82;0;2.82
watts;;174.8;;
amps;;0;;
0;B0;2.55;0;2.55
0;B1;2.54;0;2.54
0;B2;2.62;0;2.62
0;B3;2.52;0;2.52
0;B4;2.57;0;2.57
0;B5;2.54;0;2.54
watts;;176.4;;
amps;;10.44;;
0;B0;2.8;0;2.8
0;B1;2.8;0;2.8
0;B2;2.86;0;2.86
0;B3;2.8;0;2.8
0;B4;2.84;0;2.84
0;B5;2.81;0;2.81
watts;;177.5;;
amps;;0;;
0;B0;2.1;0;2.1
0;B1;2.04;0;2.04
0;B2;2.14;0;2.14
0;B3;2;0;2
0;B4;2.07;0;2.07
0;B5;2.04;0;2.04
watts;;181.21;;
amps;;30.04;;
0;B0;2.36;0;2.36
0;B1;2.32;0;2.32
0;B2;2.4;0;2.4
0;B3;2.3;0;2.3
0;B4;2.35;0;2.35
0;B5;2.32;0;2.32
watts;;184.77;;
amps;;14.93;;
0;B0;2.75;0;2.75
0;B1;2.75;0;2.75
0;B2;2.81;0;2.81
0;B3;2.76;0;2.76
0;B4;2.78;0;2.78
0;B5;2.75;0;2.75
watts;;186;;
amps;;0;;
0;B0;2.79;0;2.79
0;B1;2.79;0;2.79
0;B2;2.85;0;2.85
0;B3;2.8;0;2.8
0;B4;2.82;0;2.82
0;B5;2.79;0;2.79
watts;;186;;
amps;;0;;
0;B0;2.05;0;2.05
0;B1;1.98;0;1.98
0;B2;2.07;0;2.07
0;B3;1.97;0;1.97
0;B4;2.02;0;2.02
0;B5;1.97;0;1.97
watts;;188.21;;
amps;;30.54;;
0;B0;2.27;0;2.27
0;B1;2.22;0;2.22
0;B2;2.32;0;2.32
0;B3;2.19;0;2.19
0;B4;2.24;0;2.24
0;B5;2.23;0;2.23
watts;;192.59;;
amps;;17.54;;
0;B0;2.19;0;2.19
0;B1;2.12;0;2.12
0;B2;2.22;0;2.22
0;B3;2.1;0;2.1
0;B4;2.16;0;2.16
0;B5;2.13;0;2.13
watts;;195.66;;
amps;;23.21;;
0;B0;2.19;0;2.19
0;B1;2.14;0;2.14
0;B2;2.22;0;2.22
0;B3;2.12;0;2.12
0;B4;2.16;0;2.16
0;B5;2.14;0;2.14
watts;;199.23;;
amps;;21.04;;
0;B0;1.92;0;1.92
0;B1;1.84;0;1.84
0;B2;1.93;0;1.93
0;B3;1.8;0;1.8
0;B4;1.86;0;1.86
0;B5;1.84;0;1.84
watts;;203.09;;
amps;;32.49;;
0;B0;2.35;0;2.35
0;B1;2.31;0;2.31
0;B2;2.39;0;2.39
0;B3;2.29;0;2.29
0;B4;2.34;0;2.34
0;B5;2.32;0;2.32
watts;;205.94;;
amps;;12.77;;
0;B0;2.04;0;2.04
0;B1;1.97;0;1.97
0;B2;2.07;0;2.07
0;B3;1.93;0;1.93
0;B4;1.99;0;1.99
0;B5;1.96;0;1.96
watts;;212.3;;
amps;;27.15;;
0;B0;2.23;0;2.23
0;B1;2.19;0;2.19
0;B2;2.25;0;2.25
0;B3;2.17;0;2.17
0;B4;2.21;0;2.21
0;B5;2.18;0;2.18
watts;;215.72;;
amps;;17.88;;
0;B0;2.08;0;2.08
0;B1;1.99;0;1.99
0;B2;2.11;0;2.11
0;B3;1.93;0;1.93
0;B4;2.06;0;2.06
0;B5;2.01;0;2.01
watts;;222.38;;
amps;;24.65;;
0;B0;2.41;0;2.41
0;B1;2.38;0;2.38
0;B2;2.45;0;2.45
0;B3;2.38;0;2.38
0;B4;2.41;0;2.41
0;B5;2.39;0;2.39
watts;;228.5;;
amps;;9.49;;
0;B0;2.65;0;2.65
0;B1;2.64;0;2.64
0;B2;2.72;0;2.72
0;B3;2.65;0;2.65
0;B4;2.68;0;2.68
0;B5;2.65;0;2.65
watts;;230.78;;
amps;;0;;
0;B0;2.46;0;2.46
0;B1;2.42;0;2.42
0;B2;2.51;0;2.51
0;B3;2.41;0;2.41
0;B4;2.45;0;2.45
0;B5;2.42;0;2.42
watts;;234.84;;
amps;;9.71;;
0;B0;2.71;0;2.71
0;B1;2.7;0;2.7
0;B2;2.75;0;2.75
0;B3;2.7;0;2.7
0;B4;2.72;0;2.72
0;B5;2.7;0;2.7
watts;;235.95;;
amps;;0;;
0;B0;2.58;0;2.58
0;B1;2.56;0;2.56
0;B2;2.63;0;2.63
0;B3;2.54;0;2.54
0;B4;2.59;0;2.59
0;B5;2.56;0;2.56
watts;;236.77;;
amps;;8.21;;
0;B0;2.74;0;2.74
0;B1;2.73;0;2.73
0;B2;2.8;0;2.8
0;B3;2.73;0;2.73
0;B4;2.76;0;2.76
0;B5;2.73;0;2.73
watts;;238.37;;
amps;;0;;
0;B0;2.76;0;2.76
0;B1;2.75;0;2.75
0;B2;2.81;0;2.81
0;B3;2.75;0;2.75
0;B4;2.78;0;2.78
0;B5;2.76;0;2.76
watts;;238.78;;
amps;;0;;
0;B0;2.62;0;2.62
0;B1;2.6;0;2.6
0;B2;2.65;0;2.65
0;B3;2.6;0;2.6
0;B4;2.63;0;2.63
0;B5;2.6;0;2.6
watts;;239.22;;
amps;;6.71;;
0;B0;2.57;0;2.57
0;B1;2.55;0;2.55
0;B2;2.6;0;2.6
0;B3;2.54;0;2.54
0;B4;2.57;0;2.57
0;B5;2.55;0;2.55
watts;;240.8;;
amps;;8.44;;
0;B0;2.77;0;2.77
0;B1;2.76;0;2.76
0;B2;2.81;0;2.81
0;B3;2.76;0;2.76
0;B4;2.79;0;2.79
0;B5;2.76;0;2.76
watts;;241.8;;
amps;;0;;
0;B0;2.79;0;2.79
0;B1;2.79;0;2.79
0;B2;2.85;0;2.85
0;B3;2.79;0;2.79
0;B4;2.81;0;2.81
0;B5;2.78;0;2.78
watts;;242;;
amps;;0;;
0;B0;2.24;0;2.24
0;B1;2.19;0;2.19
0;B2;2.27;0;2.27
0;B3;2.16;0;2.16
0;B4;2.23;0;2.23
0;B5;2.19;0;2.19
watts;;243.94;;
amps;;20.77;;
0;B0;2.58;0;2.58
0;B1;2.56;0;2.56
0;B2;2.62;0;2.62
0;B3;2.55;0;2.55
0;B4;2.58;0;2.58
0;B5;2.55;0;2.55
watts;;245.67;;
amps;;8.66;;
0;B0;2.56;0;2.56
0;B1;2.53;0;2.53
0;B2;2.61;0;2.61
0;B3;2.52;0;2.52
0;B4;2.57;0;2.57
0;B5;2.57;0;2.57
watts;;247.74;;
amps;;7.44;;
0;B0;2.77;0;2.77
0;B1;2.77;0;2.77
0;B2;2.84;0;2.84
0;B3;2.77;0;2.77
0;B4;2.8;0;2.8
0;B5;2.78;0;2.78
watts;;249.61;;
amps;;0;;
0;B0;2.79;0;2.79
0;B1;2.79;0;2.79
0;B2;2.86;0;2.86
0;B3;2.79;0;2.79
0;B4;2.82;0;2.82
0;B5;2.79;0;2.79
watts;;249.61;;
amps;;0;;
0;B0;2.13;0;2.13
0;B1;2.06;0;2.06
0;B2;2.14;0;2.14
0;B3;2.08;0;2.08
0;B4;2.1;0;2.1
0;B5;2.04;0;2.04
watts;;255.12;;
amps;;26.99;;
0;B0;2.28;0;2.28
0;B1;2.22;0;2.22
0;B2;2.32;0;2.32
0;B3;2.21;0;2.21
0;B4;2.28;0;2.28
0;B5;2.24;0;2.24
watts;;258.46;;
amps;;17.54;;
0;B0;2.31;0;2.31
0;B1;2.27;0;2.27
0;B2;2.33;0;2.33
0;B3;2.23;0;2.23
0;B4;2.29;0;2.29
0;B5;2.26;0;2.26
watts;;261.18;;
amps;;15.82;;
0;B0;2.35;0;2.35
0;B1;2.32;0;2.32
0;B2;2.4;0;2.4
0;B3;2.3;0;2.3
0;B4;2.34;0;2.34
0;B5;2.32;0;2.32
watts;;263.61;;
amps;;13.66;;
0;B0;2.72;0;2.72
0;B1;2.71;0;2.71
0;B2;2.78;0;2.78
0;B3;2.72;0;2.72
0;B4;2.74;0;2.74
0;B5;2.72;0;2.72
watts;;264;;
amps;;0;;
0;B0;2.11;0;2.11
0;B1;2.05;0;2.05
0;B2;2.17;0;2.17
0;B3;2.01;0;2.01
0;B4;2.09;0;2.09
0;B5;2.04;0;2.04
watts;;266.19;;
amps;;24.71;;
0;B0;1.96;0;1.96
0;B1;1.89;0;1.89
0;B2;2.01;0;2.01
0;B3;1.83;0;1.83
0;B4;1.92;0;1.92
0;B5;1.88;0;1.88
watts;;269.49;;
amps;;31.26;;
0;B0;2.69;0;2.69
0;B1;2.69;0;2.69
0;B2;2.74;0;2.74
0;B3;2.68;0;2.68
0;B4;2.71;0;2.71
0;B5;2.68;0;2.68
watts;;274.57;;
amps;;0;;
0;B0;2.17;0;2.17
0;B1;2.11;0;2.11
0;B2;2.2;0;2.2
0;B3;2.06;0;2.06
0;B4;2.14;0;2.14
0;B5;2.1;0;2.1
watts;;277.92;;
amps;;23.15;;
0;B0;2.62;0;2.62
0;B1;2.6;0;2.6
0;B2;2.66;0;2.66
0;B3;2.59;0;2.59
0;B4;2.64;0;2.64
0;B5;2.64;0;2.64
watts;;279.19;;
amps;;5.05;;
0;B0;2.6;0;2.6
0;B1;2.59;0;2.59
0;B2;2.66;0;2.66
0;B3;2.59;0;2.59
0;B4;2.62;0;2.62
0;B5;2.59;0;2.59
watts;;280.85;;
amps;;4.55;;
0;B0;2.7;0;2.7
0;B1;2.71;0;2.71
0;B2;2.77;0;2.77
0;B3;2.7;0;2.7
0;B4;2.73;0;2.73
0;B5;2.7;0;2.7
watts;;281.77;;
amps;;0;;
0;B0;1.88;0;1.88
0;B1;1.8;0;1.8
0;B2;1.9;0;1.9
0;B3;1.74;0;1.74
0;B4;1.84;0;1.84
0;B5;1.79;0;1.79
watts;;285.81;;
amps;;33.82;;
0;B0;2.42;0;2.42
0;B1;2.39;0;2.39
0;B2;2.42;0;2.42
0;B3;2.31;0;2.31
0;B4;2.36;0;2.36
0;B5;2.33;0;2.33
watts;;289.17;;
amps;;10.6;;
0;B0;2.67;0;2.67
0;B1;2.65;0;2.65
0;B2;2.71;0;2.71
0;B3;2.64;0;2.64
0;B4;2.69;0;2.69
0;B5;2.65;0;2.65
watts;;289.94;;
amps;;2.16;;
0;B0;2.17;0;2.17
0;B1;2.11;0;2.11
0;B2;2.19;0;2.19
0;B3;2.07;0;2.07
0;B4;2.15;0;2.15
0;B5;2.1;0;2.1
watts;;293;;
amps;;22.1;;
0;B0;2.49;0;2.49
0;B1;2.47;0;2.47
0;B2;2.53;0;2.53
0;B3;2.45;0;2.45
0;B4;2.49;0;2.49
0;B5;2.46;0;2.46
watts;;296.32;;
amps;;7.44;;
0;B0;2.42;0;2.42
0;B1;2.46;0;2.46
0;B2;2.53;0;2.53
0;B3;2.43;0;2.43
0;B4;2.48;0;2.48
0;B5;2.39;0;2.39
watts;;297.95;;
amps;;10.6;;
0;B0;2.24;0;2.24
0;B1;2.18;0;2.18
0;B2;2.28;0;2.28
0;B3;2.16;0;2.16
0;B4;2.23;0;2.23
0;B5;2.17;0;2.17
watts;;298.94;;
amps;;21.21;;
0;B0;2.36;0;2.36
0;B1;2.33;0;2.33
0;B2;2.41;0;2.41
0;B3;2.3;0;2.3
0;B4;2.36;0;2.36
0;B5;2.31;0;2.31
watts;;301.28;;
amps;;14.27;;
0;B0;2.33;0;2.33
0;B1;2.31;0;2.31
0;B2;2.37;0;2.37
0;B3;2.26;0;2.26
0;B4;2.32;0;2.32
0;B5;2.28;0;2.28
watts;;303.28;;
amps;;14.71;;
0;B0;2.55;0;2.55
0;B1;2.53;0;2.53
0;B2;2.59;0;2.59
0;B3;2.51;0;2.51
0;B4;2.57;0;2.57
0;B5;2.52;0;2.52
watts;;304.87;;
amps;;6.55;;
0;B0;2.12;0;2.12
0;B1;2.13;0;2.13
0;B2;2.09;0;2.09
0;B3;2.04;0;2.04
0;B4;2.15;0;2.15
0;B5;2.09;0;2.09
watts;;307.25;;
amps;;21.71;;
0;B0;2.28;0;2.28
0;B1;2.23;0;2.23
0;B2;2.31;0;2.31
0;B3;2.21;0;2.21
0;B4;2.27;0;2.27
0;B5;2.24;0;2.24
watts;;312.69;;
amps;;16.54;;
0;B0;2.24;0;2.24
0;B1;2.21;0;2.21
0;B2;2.27;0;2.27
0;B3;2.17;0;2.17
0;B4;2.24;0;2.24
0;B5;2.2;0;2.2
watts;;318.19;;
amps;;17.1;;
0;B0;2.28;0;2.28
0;B1;2.24;0;2.24
0;B2;2.32;0;2.32
0;B3;2.22;0;2.22
0;B4;2.27;0;2.27
0;B5;2.23;0;2.23
watts;;321.02;;
amps;;15.32;;
0;B0;2.65;0;2.65
0;B1;2.63;0;2.63
0;B2;2.7;0;2.7
0;B3;2.64;0;2.64
0;B4;2.67;0;2.67
0;B5;2.63;0;2.63
watts;;323.2;;
amps;;0;;
0;B0;2.71;0;2.71
0;B1;2.7;0;2.7
0;B2;2.76;0;2.76
0;B3;2.7;0;2.7
0;B4;2.74;0;2.74
0;B5;2.69;0;2.69
watts;;323.2;;
amps;;0.77;;
0;B0;2.73;0;2.73
0;B1;2.72;0;2.72
0;B2;2.78;0;2.78
0;B3;2.73;0;2.73
0;B4;2.75;0;2.75
0;B5;2.72;0;2.72
watts;;323.72;;
amps;;0;;
0;B0;2.75;0;2.75
0;B1;2.75;0;2.75
0;B2;2.79;0;2.79
0;B3;2.75;0;2.75
0;B4;2.78;0;2.78
0;B5;2.74;0;2.74
watts;;323.7;;
amps;;0;;
0;B0;2.78;0;2.78
0;B1;2.77;0;2.77
0;B2;2.82;0;2.82
0;B3;2.77;0;2.77
0;B4;2.8;0;2.8
0;B5;2.76;0;2.76
watts;;323.72;;
amps;;0;;
0;B0;2.76;0;2.76
0;B1;2.75;0;2.75
0;B2;2.79;0;2.79
0;B3;2.74;0;2.74
0;B4;2.78;0;2.78
0;B5;2.74;0;2.74
watts;;323.79;;
amps;;1.1;;
0;B0;2.77;0;2.77
0;B1;2.76;0;2.76
0;B2;2.83;0;2.83
0;B3;2.74;0;2.74
0;B4;2.79;0;2.79
0;B5;2.75;0;2.75
watts;;322;;
amps;;1.1;;
0;B0;2.25;0;2.25
0;B1;2.2;0;2.2
0;B2;2.28;0;2.28
0;B3;2.16;0;2.16
0;B4;2.27;0;2.27
0;B5;2.22;0;2.22
watts;;326.05;;
amps;;19.99;;
0;B0;2.33;0;2.33
0;B1;2.3;0;2.3
0;B2;2.36;0;2.36
0;B3;2.25;0;2.25
0;B4;2.31;0;2.31
0;B5;2.27;0;2.27
watts;;331.33;;
amps;;15.99;;
0;B0;2.48;0;2.48
0;B1;2.46;0;2.46
0;B2;2.52;0;2.52
0;B3;2.45;0;2.45
0;B4;2.48;0;2.48
0;B5;2.44;0;2.44
watts;;336.33;;
amps;;7.55;;
0;B0;2.38;0;2.38
0;B1;2.34;0;2.34
0;B2;2.43;0;2.43
0;B3;2.33;0;2.33
0;B4;2.38;0;2.38
0;B5;2.33;0;2.33
watts;;338.43;;
amps;;12.38;;
0;B0;2.38;0;2.38
0;B1;2.36;0;2.36
0;B2;2.43;0;2.43
0;B3;2.32;0;2.32
0;B4;2.38;0;2.38
0;B5;2.33;0;2.33
watts;;339.97;;
amps;;14.38;;
0;B0;2.61;0;2.61
0;B1;2.61;0;2.61
0;B2;2.65;0;2.65
0;B3;2.6;0;2.6
0;B4;2.62;0;2.62
0;B5;2.59;0;2.59
watts;;342.15;;
amps;;2.55;;
0;B0;2.68;0;2.68
0;B1;2.69;0;2.69
0;B2;2.74;0;2.74
0;B3;2.67;0;2.67
0;B4;2.71;0;2.71
0;B5;2.67;0;2.67
watts;;347.6;;
amps;;0;;
0;B0;2.35;0;2.35
0;B1;2.32;0;2.32
0;B2;2.38;0;2.38
0;B3;2.27;0;2.27
0;B4;2.35;0;2.35
0;B5;2.3;0;2.3
watts;;349.21;;
amps;;14.71;;
0;B0;2.35;0;2.35
0;B1;2.32;0;2.32
0;B2;2.39;0;2.39
0;B3;2.29;0;2.29
0;B4;2.35;0;2.35
0;B5;2.31;0;2.31
watts;;352.1;;
amps;;13.71;;
0;B0;2.35;0;2.35
0;B1;2.32;0;2.32
0;B2;2.38;0;2.38
0;B3;2.28;0;2.28
0;B4;2.34;0;2.34
0;B5;2.29;0;2.29
watts;;353.98;;
amps;;15.6;;
0;B0;2.43;0;2.43
0;B1;2.44;0;2.44
0;B2;2.5;0;2.5
0;B3;2.41;0;2.41
0;B4;2.47;0;2.47
0;B5;2.38;0;2.38
watts;;355.96;;
amps;;11.43;;
0;B0;2.5;0;2.5
0;B1;2.5;0;2.5
0;B2;2.54;0;2.54
0;B3;2.46;0;2.46
0;B4;2.51;0;2.51
0;B5;2.47;0;2.47
watts;;357.74;;
amps;;8.82;;
0;B0;2.48;0;2.48
0;B1;2.46;0;2.46
0;B2;2.51;0;2.51
0;B3;2.43;0;2.43
0;B4;2.48;0;2.48
0;B5;2.44;0;2.44
watts;;358.15;;
amps;;11.82;;
0;B0;2.63;0;2.63
0;B1;2.64;0;2.64
0;B2;2.69;0;2.69
0;B3;2.61;0;2.61
0;B4;2.65;0;2.65
0;B5;2.62;0;2.62
watts;;360;;
amps;;2.55;;
0;B0;2.35;0;2.35
0;B1;2.3;0;2.3
0;B2;2.38;0;2.38
0;B3;2.26;0;2.26
0;B4;2.34;0;2.34
0;B5;2.28;0;2.28
watts;;362;;
amps;;15.21;;
0;B0;2.42;0;2.42
0;B1;2.39;0;2.39
0;B2;2.46;0;2.46
0;B3;2.36;0;2.36
0;B4;2.42;0;2.42
0;B5;2.38;0;2.38
watts;;363.96;;
amps;;9.49;;
0;B0;2.7;0;2.7
0;B1;2.71;0;2.71
0;B2;2.75;0;2.75
0;B3;2.69;0;2.69
0;B4;2.72;0;2.72
0;B5;2.69;0;2.69
watts;;364.92;;
amps;;0;;
0;B0;2.23;0;2.23
0;B1;2.16;0;2.16
0;B2;2.25;0;2.25
0;B3;2.14;0;2.14
0;B4;2.21;0;2.21
0;B5;2.16;0;2.16
watts;;366.17;;
amps;;19.88;;
0;B0;2.49;0;2.49
0;B1;2.47;0;2.47
0;B2;2.53;0;2.53
0;B3;2.45;0;2.45
0;B4;2.5;0;2.5
0;B5;2.47;0;2.47
watts;;370.46;;
amps;;7.77;;
0;B0;2.41;0;2.41
0;B1;2.4;0;2.4
0;B2;2.45;0;2.45
0;B3;2.36;0;2.36
0;B4;2.4;0;2.4
0;B5;2.37;0;2.37
watts;;371.66;;
amps;;11.38;;
0;B0;2.23;0;2.23
0;B1;2.19;0;2.19
0;B2;2.26;0;2.26
0;B3;2.12;0;2.12
0;B4;2.2;0;2.2
0;B5;2.15;0;2.15
watts;;374.01;;
amps;;18.99;;
0;B0;2.36;0;2.36
0;B1;2.34;0;2.34
0;B2;2.39;0;2.39
0;B3;2.29;0;2.29
0;B4;2.35;0;2.35
0;B5;2.32;0;2.32
watts;;376.69;;
amps;;13.77;;
0;B0;2.33;0;2.33
0;B1;2.3;0;2.3
0;B2;2.37;0;2.37
0;B3;2.26;0;2.26
0;B4;2.32;0;2.32
0;B5;2.28;0;2.28
watts;;381.37;;
amps;;13.6;;
0;B0;2.66;0;2.66
0;B1;2.66;0;2.66
0;B2;2.72;0;2.72
0;B3;2.64;0;2.64
0;B4;2.69;0;2.69
0;B5;2.65;0;2.65
watts;;382.85;;
amps;;0;;
0;B0;2.69;0;2.69
0;B1;2.68;0;2.68
0;B2;2.75;0;2.75
0;B3;2.67;0;2.67
0;B4;2.71;0;2.71
0;B5;2.68;0;2.68
watts;;383.66;;
amps;;0;;
0;B0;2.45;0;2.45
0;B1;2.44;0;2.44
0;B2;2.49;0;2.49
0;B3;2.4;0;2.4
0;B4;2.45;0;2.45
0;B5;2.4;0;2.4
watts;;384.82;;
amps;;11.77;;
0;B0;2.41;0;2.41
0;B1;2.39;0;2.39
0;B2;2.45;0;2.45
0;B3;2.35;0;2.35
0;B4;2.42;0;2.42
0;B5;2.37;0;2.37
watts;;386.66;;
amps;;11.71;;
0;B0;2.41;0;2.41
0;B1;2.39;0;2.39
0;B2;2.45;0;2.45
0;B3;2.36;0;2.36
0;B4;2.41;0;2.41
0;B5;2.37;0;2.37
watts;;390.88;;
amps;;10.16;;
0;B0;2.63;0;2.63
0;B1;2.62;0;2.62
0;B2;2.68;0;2.68
0;B3;2.62;0;2.62
0;B4;2.65;0;2.65
0;B5;2.62;0;2.62
watts;;392.54;;
amps;;1.38;;
0;B0;2.7;0;2.7
0;B1;2.7;0;2.7
0;B2;2.76;0;2.76
0;B3;2.7;0;2.7
0;B4;2.73;0;2.73
0;B5;2.68;0;2.68
watts;;392.59;;
amps;;0.77;;
0;B0;2.73;0;2.73
0;B1;2.73;0;2.73
0;B2;2.77;0;2.77
0;B3;2.72;0;2.72
0;B4;2.75;0;2.75
0;B5;2.71;0;2.71
watts;;392.82;;
amps;;0;;
0;B0;2.6;0;2.6
0;B1;2.61;0;2.61
0;B2;2.64;0;2.64
0;B3;2.57;0;2.57
0;B4;2.64;0;2.64
0;B5;2.57;0;2.57
watts;;393.16;;
amps;;5.55;;
0;B0;2.64;0;2.64
0;B1;2.64;0;2.64
0;B2;2.68;0;2.68
0;B3;2.61;0;2.61
0;B4;2.67;0;2.67
0;B5;2.63;0;2.63
watts;;391;;
amps;;3.33;;
0;B0;2.67;0;2.67
0;B1;2.66;0;2.66
0;B2;2.7;0;2.7
0;B3;2.63;0;2.63
0;B4;2.67;0;2.67
0;B5;2.63;0;2.63
watts;;394.73;;
amps;;4.77;;
0;B0;2.65;0;2.65
0;B1;2.66;0;2.66
0;B2;2.71;0;2.71
0;B3;2.62;0;2.62
0;B4;2.68;0;2.68
0;B5;2.63;0;2.63
watts;;395.34;;
amps;;4.05;;
0;B0;2.67;0;2.67
0;B1;2.67;0;2.67
0;B2;2.73;0;2.73
0;B3;2.66;0;2.66
0;B4;2.68;0;2.68
0;B5;2.65;0;2.65
watts;;396.02;;
amps;;3.88;;
0;B0;2.84;0;2.84
0;B1;2.83;0;2.83
0;B2;2.88;0;2.88
0;B3;2.81;0;2.81
0;B4;2.87;0;2.87
0;B5;2.8;0;2.8
watts;;400.06;;
amps;;1.84;;
0;B0;2.56;0;2.56
0;B1;2.54;0;2.54
0;B2;2.62;0;2.62
0;B3;2.49;0;2.49
0;B4;2.58;0;2.58
0;B5;2.51;0;2.51
watts;;401.34;;
amps;;10.06;;
0;B0;2.76;0;2.76
0;B1;2.76;0;2.76
0;B2;2.81;0;2.81
0;B3;2.74;0;2.74
0;B4;2.79;0;2.79
0;B5;2.73;0;2.73
watts;;405.39;;
amps;;0;;
0;B0;2.45;0;2.45
0;B1;2.42;0;2.42
0;B2;2.48;0;2.48
0;B3;2.38;0;2.38
0;B4;2.46;0;2.46
0;B5;2.39;0;2.39
watts;;407.82;;
amps;;12.73;;
0;B0;2.28;0;2.28
0;B1;2.24;0;2.24
0;B2;2.32;0;2.32
0;B3;2.2;0;2.2
0;B4;2.27;0;2.27
0;B5;2.22;0;2.22
watts;;411.15;;
amps;;17.67;;
0;B0;2.73;0;2.73
0;B1;2.75;0;2.75
0;B2;2.78;0;2.78
0;B3;2.73;0;2.73
0;B4;2.76;0;2.76
0;B5;2.7;0;2.7
watts;;411.53;;
amps;;0;;
0;B0;2.46;0;2.46
0;B1;2.44;0;2.44
0;B2;2.5;0;2.5
0;B3;2.36;0;2.36
0;B4;2.47;0;2.47
0;B5;2.4;0;2.4
watts;;411.9;;
amps;;11.56;;
0;B0;1.82;0;1.82
0;B1;1.72;0;1.72
0;B2;1.84;0;1.84
0;B3;1.62;0;1.62
0;B4;1.78;0;1.78
0;B5;1.66;0;1.66
watts;;416.36;;
amps;;40.28;;
0;B0;1.82;0;1.82
0;B1;1.76;0;1.76
0;B2;1.87;0;1.87
0;B3;1.7;0;1.7
0;B4;1.81;0;1.81
0;B5;1.71;0;1.71
watts;;421.09;;
amps;;36.78;;
0;B0;1.83;0;1.83
0;B1;1.74;0;1.74
0;B2;1.84;0;1.84
0;B3;1.7;0;1.7
0;B4;1.81;0;1.81
0;B5;1.72;0;1.72
watts;;425.9;;
amps;;32.11;;
0;B0;1.97;0;1.97
0;B1;1.9;0;1.9
0;B2;1.98;0;1.98
0;B3;1.86;0;1.86
0;B4;1.95;0;1.95
0;B5;1.87;0;1.87
watts;;430.34;;
amps;;28.84;;
0;B0;1.98;0;1.98
0;B1;1.9;0;1.9
0;B2;2;0;2
0;B3;1.87;0;1.87
0;B4;1.95;0;1.95
0;B5;1.89;0;1.89
watts;;434.4;;
amps;;25.28;;
0;B0;2.62;0;2.62
0;B1;2.61;0;2.61
0;B2;2.67;0;2.67
0;B3;2.61;0;2.61
0;B4;2.66;0;2.66
0;B5;2.61;0;2.61
watts;;435.35;;
amps;;0;;
0;B0;1.71;0;1.71
0;B1;1.6;0;1.6
0;B2;1.72;0;1.72
0;B3;1.52;0;1.52
0;B4;1.65;0;1.65
0;B5;1.58;0;1.58
watts;;436.84;;
amps;;41.78;;
0;B0;1.87;0;1.87
0;B1;1.79;0;1.79
0;B2;1.89;0;1.89
0;B3;1.74;0;1.74
0;B4;1.84;0;1.84
0;B5;1.77;0;1.77
watts;;442.19;;
amps;;30.06;;
0;B0;2.61;0;2.61
0;B1;2.61;0;2.61
0;B2;2.66;0;2.66
0;B3;2.62;0;2.62
0;B4;2.65;0;2.65
0;B5;2.6;0;2.6
watts;;443.09;;
amps;;0;;
0;B0;1.75;0;1.75
0;B1;1.64;0;1.64
0;B2;1.76;0;1.76
0;B3;1.56;0;1.56
0;B4;1.67;0;1.67
0;B5;1.6;0;1.6
watts;;444.89;;
amps;;41.78;;
0;B0;2.59;0;2.59
0;B1;2.58;0;2.58
0;B2;2.65;0;2.65
0;B3;2.58;0;2.58
0;B4;2.62;0;2.62
0;B5;2.58;0;2.58
watts;;450.85;;
amps;;0;;
0;B0;2.56;0;2.56
0;B1;2.54;0;2.54
0;B2;2.6;0;2.6
0;B3;2.54;0;2.54
0;B4;2.58;0;2.58
0;B5;2.53;0;2.53
watts;;453.1;;
amps;;1.51;;
0;B0;1.77;0;1.77
0;B1;1.65;0;1.65
0;B2;1.77;0;1.77
0;B3;1.62;0;1.62
0;B4;1.72;0;1.72
0;B5;1.65;0;1.65
watts;;457.5;;
amps;;33.45;;
0;B0;2.59;0;2.59
0;B1;2.59;0;2.59
0;B2;2.64;0;2.64
0;B3;2.59;0;2.59
0;B4;2.62;0;2.62
0;B5;2.58;0;2.58
watts;;460.12;;
amps;;0;;
0;B0;1.85;0;1.85
0;B1;1.76;0;1.76
0;B2;1.85;0;1.85
0;B3;1.71;0;1.71
0;B4;1.81;0;1.81
0;B5;1.73;0;1.73
watts;;461.77;;
amps;;31.67;;
0;B0;2.16;0;2.16
0;B1;2.1;0;2.1
0;B2;2.19;0;2.19
0;B3;2.08;0;2.08
0;B4;2.15;0;2.15
0;B5;2.08;0;2.08
watts;;463.22;;
amps;;21.56;;
0;B0;2.48;0;2.48
0;B1;2.46;0;2.46
0;B2;2.52;0;2.52
0;B3;2.49;0;2.49
0;B4;2.5;0;2.5
0;B5;2.47;0;2.47
watts;;467.13;;
amps;;1.96;;
0;B0;2.57;0;2.57
0;B1;2.57;0;2.57
0;B2;2.63;0;2.63
0;B3;2.58;0;2.58
0;B4;2.61;0;2.61
0;B5;2.57;0;2.57
watts;;469.22;;
amps;;0;;
0;B0;2.39;0;2.39
0;B1;2.39;0;2.39
0;B2;2.44;0;2.44
0;B3;2.36;0;2.36
0;B4;2.42;0;2.42
0;B5;2.33;0;2.33
watts;;469.68;;
amps;;7.95;;
0;B0;1.79;0;1.79
0;B1;1.69;0;1.69
0;B2;1.8;0;1.8
0;B3;1.66;0;1.66
0;B4;1.75;0;1.75
0;B5;1.67;0;1.67
watts;;475.36;;
amps;;34.67;;
0;B0;1.97;0;1.97
0;B1;1.88;0;1.88
0;B2;1.98;0;1.98
0;B3;1.88;0;1.88
0;B4;1.94;0;1.94
0;B5;1.87;0;1.87
watts;;483.93;;
amps;;26.34;;
0;B0;1.99;0;1.99
0;B1;1.91;0;1.91
0;B2;2;0;2
0;B3;1.9;0;1.9
0;B4;1.96;0;1.96
0;B5;1.91;0;1.91
watts;;487.65;;
amps;;23.95;;
0;B0;2.58;0;2.58
0;B1;2.58;0;2.58
0;B2;2.63;0;2.63
0;B3;2.59;0;2.59
0;B4;2.61;0;2.61
0;B5;2.57;0;2.57
watts;;488.78;;
amps;;0;;
0;B0;1.76;0;1.76
0;B1;1.66;0;1.66
0;B2;1.77;0;1.77
0;B3;1.62;0;1.62
0;B4;1.71;0;1.71
0;B5;1.66;0;1.66
watts;;493.67;;
amps;;33.89;;
0;B0;1.96;0;1.96
0;B1;1.88;0;1.88
0;B2;1.99;0;1.99
0;B3;1.87;0;1.87
0;B4;1.94;0;1.94
0;B5;1.88;0;1.88
watts;;497.87;;
amps;;25.17;;
0;B0;2.53;0;2.53
0;B1;2.51;0;2.51
0;B2;2.57;0;2.57
0;B3;2.54;0;2.54
0;B4;2.55;0;2.55
0;B5;2.51;0;2.51
watts;;501.37;;
amps;;0;;
0;B0;2.61;0;2.61
0;B1;2.6;0;2.6
0;B2;2.65;0;2.65
0;B3;2.6;0;2.6
0;B4;2.63;0;2.63
0;B5;2.59;0;2.59
watts;;501.37;;
amps;;0;;
0;B0;2.58;0;2.58
0;B1;2.56;0;2.56
0;B2;2.62;0;2.62
0;B3;2.58;0;2.58
0;B4;2.6;0;2.6
0;B5;2.56;0;2.56
watts;;502.5;;
amps;;0.84;;
0;B0;2.66;0;2.66
0;B1;2.65;0;2.65
0;B2;2.7;0;2.7
0;B3;2.65;0;2.65
0;B4;2.69;0;2.69
0;B5;2.64;0;2.64
watts;;503.02;;
amps;;0;;
0;B0;1.7;0;1.7
0;B1;1.6;0;1.6
0;B2;1.72;0;1.72
0;B3;1.55;0;1.55
0;B4;1.65;0;1.65
0;B5;1.57;0;1.57
watts;;507.31;;
amps;;39.95;;
0;B0;1.9;0;1.9
0;B1;1.81;0;1.81
0;B2;1.92;0;1.92
0;B3;1.8;0;1.8
0;B4;1.86;0;1.86
0;B5;1.81;0;1.81
watts;;517.06;;
amps;;26.5;;
0;B0;1.94;0;1.94
0;B1;1.86;0;1.86
0;B2;1.94;0;1.94
0;B3;1.82;0;1.82
0;B4;1.9;0;1.9
0;B5;1.83;0;1.83
watts;;521;;
amps;;25.45;;
0;B0;1.87;0;1.87
0;B1;1.77;0;1.77
0;B2;1.87;0;1.87
0;B3;1.75;0;1.75
0;B4;1.83;0;1.83
0;B5;1.76;0;1.76
watts;;524.76;;
amps;;28.89;;
0;B0;1.95;0;1.95
0;B1;1.86;0;1.86
0;B2;1.98;0;1.98
0;B3;1.85;0;1.85
0;B4;1.93;0;1.93
0;B5;1.86;0;1.86
watts;;529.04;;
amps;;25.06;;
0;B0;2.58;0;2.58
0;B1;2.57;0;2.57
0;B2;2.62;0;2.62
0;B3;2.58;0;2.58
0;B4;2.6;0;2.6
0;B5;2.56;0;2.56
watts;;530.43;;
amps;;0;;
0;B0;2.53;0;2.53
0;B1;2.51;0;2.51
0;B2;2.57;0;2.57
0;B3;2.52;0;2.52
0;B4;2.55;0;2.55
0;B5;2.51;0;2.51
watts;;531.87;;
amps;;2.07;;
0;B0;2.57;0;2.57
0;B1;2.55;0;2.55
0;B2;2.6;0;2.6
0;B3;2.57;0;2.57
0;B4;2.59;0;2.59
0;B5;2.56;0;2.56
watts;;539.34;;
amps;;0;;
0;B0;1.69;0;1.69
0;B1;1.59;0;1.59
0;B2;1.7;0;1.7
0;B3;1.56;0;1.56
0;B4;1.66;0;1.66
0;B5;1.56;0;1.56
watts;;542.77;;
amps;;38.72;;
0;B0;1.74;0;1.74
0;B1;1.63;0;1.63
0;B2;1.75;0;1.75
0;B3;1.61;0;1.61
0;B4;1.7;0;1.7
0;B5;1.62;0;1.62
watts;;546;;
amps;;32.95;;
0;B0;1.71;0;1.71
0;B1;1.61;0;1.61
0;B2;1.73;0;1.73
0;B3;1.58;0;1.58
0;B4;1.68;0;1.68
0;B5;1.6;0;1.6
watts;;553.63;;
amps;;34.72;;
0;B0;1.6;0;1.6
0;B1;1.48;0;1.48
0;B2;1.61;0;1.61
0;B3;1.43;0;1.43
0;B4;1.56;0;1.56
0;B5;1.46;0;1.46
watts;;555.38;;
amps;;42.17;;
0;B0;2.54;0;2.54
0;B1;2.53;0;2.53
0;B2;2.59;0;2.59
0;B3;2.56;0;2.56
0;B4;2.58;0;2.58
0;B5;2.53;0;2.53
watts;;558.63;;
amps;;0;;
0;B0;1.62;0;1.62
0;B1;1.51;0;1.51
0;B2;1.64;0;1.64
0;B3;1.46;0;1.46
0;B4;1.57;0;1.57
0;B5;1.48;0;1.48
watts;;562.02;;
amps;;47.39;;
0;B0;1.81;0;1.81
0;B1;1.68;0;1.68
0;B2;1.8;0;1.8
0;B3;1.68;0;1.68
0;B4;1.76;0;1.76
0;B5;1.7;0;1.7
watts;;565.47;;
amps;;33.17;;
0;B0;1.72;0;1.72
0;B1;1.6;0;1.6
0;B2;1.72;0;1.72
0;B3;1.59;0;1.59
0;B4;1.68;0;1.68
0;B5;1.6;0;1.6
watts;;569.77;;
amps;;34.72;;
0;B0;1.89;0;1.89
0;B1;1.78;0;1.78
0;B2;1.91;0;1.91
0;B3;1.79;0;1.79
0;B4;1.86;0;1.86
0;B5;1.8;0;1.8
watts;;574.37;;
amps;;26.06;;
0;B0;1.81;0;1.81
0;B1;1.71;0;1.71
0;B2;1.86;0;1.86
0;B3;1.7;0;1.7
0;B4;1.79;0;1.79
0;B5;1.7;0;1.7
watts;;575.78;;
amps;;31.67;;
0;B0;1.72;0;1.72
0;B1;1.61;0;1.61
0;B2;1.71;0;1.71
0;B3;1.59;0;1.59
0;B4;1.65;0;1.65
0;B5;1.57;0;1.57
watts;;578.76;;
amps;;37.22;;
0;B0;1.94;0;1.94
0;B1;1.85;0;1.85
0;B2;1.96;0;1.96
0;B3;1.85;0;1.85
0;B4;1.93;0;1.93
0;B5;1.86;0;1.86
watts;;587.54;;
amps;;25.89;;
0;B0;2.58;0;2.58
0;B1;2.55;0;2.55
0;B2;2.62;0;2.62
0;B3;2.58;0;2.58
0;B4;2.6;0;2.6
0;B5;2.55;0;2.55
watts;;589;;
amps;;0;;
0;B0;2.58;0;2.58
0;B1;2.56;0;2.56
0;B2;2.62;0;2.62
0;B3;2.58;0;2.58
0;B4;2.62;0;2.62
0;B5;2.56;0;2.56
watts;;589.15;;
amps;;0.9;;
0;B0;1.71;0;1.71
0;B1;1.61;0;1.61
0;B2;1.7;0;1.7
0;B3;1.58;0;1.58
0;B4;1.68;0;1.68
0;B5;1.56;0;1.56
watts;;593.27;;
amps;;36.89;;
0;B0;2.08;0;2.08
0;B1;1.98;0;1.98
0;B2;2.13;0;2.13
0;B3;1.97;0;1.97
0;B4;2.04;0;2.04
0;B5;2.03;0;2.03
watts;;595.06;;
amps;;23.01;;
0;B0;2.56;0;2.56
0;B1;2.53;0;2.53
0;B2;2.59;0;2.59
0;B3;2.56;0;2.56
0;B4;2.58;0;2.58
0;B5;2.54;0;2.54
watts;;597.8;;
amps;;0.73;;
0;B0;1.82;0;1.82
0;B1;1.7;0;1.7
0;B2;1.83;0;1.83
0;B3;1.7;0;1.7
0;B4;1.78;0;1.78
0;B5;1.7;0;1.7
watts;;601.53;;
amps;;30.61;;
0;B0;2.49;0;2.49
0;B1;2.44;0;2.44
0;B2;2.54;0;2.54
0;B3;2.49;0;2.49
0;B4;2.52;0;2.52
0;B5;2.47;0;2.47
watts;;605.22;;
amps;;0;;
0;B0;2.59;0;2.59
0;B1;2.56;0;2.56
0;B2;2.62;0;2.62
0;B3;2.58;0;2.58
0;B4;2.61;0;2.61
0;B5;2.56;0;2.56
watts;;605.78;;
amps;;0;;
0;B0;1.7;0;1.7
0;B1;1.61;0;1.61
0;B2;1.7;0;1.7
0;B3;1.55;0;1.55
0;B4;1.62;0;1.62
0;B5;1.57;0;1.57
watts;;606.29;;
amps;;42.22;;
0;B0;1.9;0;1.9
0;B1;1.79;0;1.79
0;B2;1.92;0;1.92
0;B3;1.79;0;1.79
0;B4;1.88;0;1.88
0;B5;1.8;0;1.8
watts;;615.9;;
amps;;26;;
0;B0;1.85;0;1.85
0;B1;1.75;0;1.75
0;B2;1.87;0;1.87
0;B3;1.74;0;1.74
0;B4;1.83;0;1.83
0;B5;1.74;0;1.74
watts;;620;;
amps;;31.34;;
0;B0;2.54;0;2.54
0;B1;2.49;0;2.49
0;B2;2.56;0;2.56
0;B3;2.54;0;2.54
0;B4;2.56;0;2.56
0;B5;2.52;0;2.52
watts;;623.4;;
amps;;0;;
0;B0;2.61;0;2.61
0;B1;2.58;0;2.58
0;B2;2.65;0;2.65
0;B3;2.61;0;2.61
0;B4;2.64;0;2.64
0;B5;2.59;0;2.59
watts;;623.45;;
amps;;0;;
0;B0;1.63;0;1.63
0;B1;1.47;0;1.47
0;B2;1.6;0;1.6
0;B3;1.41;0;1.41
0;B4;1.53;0;1.53
0;B5;1.43;0;1.43
watts;;626.41;;
amps;;43.94;;
0;B0;2.53;0;2.53
0;B1;2.5;0;2.5
0;B2;2.56;0;2.56
0;B3;2.52;0;2.52
0;B4;2.55;0;2.55
0;B5;2.5;0;2.5
watts;;627.17;;
amps;;4.51;;
0;B0;2.63;0;2.63
0;B1;2.6;0;2.6
0;B2;2.66;0;2.66
0;B3;2.62;0;2.62
0;B4;2.66;0;2.66
0;B5;2.61;0;2.61
watts;;628.1;;
amps;;0;;
0;B0;2.62;0;2.62
0;B1;2.6;0;2.6
0;B2;2.66;0;2.66
0;B3;2.63;0;2.63
0;B4;2.65;0;2.65
0;B5;2.61;0;2.61
watts;;629.77;;
amps;;0;;
0;B0;1.77;0;1.77
0;B1;1.63;0;1.63
0;B2;1.76;0;1.76
0;B3;1.63;0;1.63
0;B4;1.72;0;1.72
0;B5;1.63;0;1.63
watts;;638.14;;
amps;;33.23;;
0;B0;1.74;0;1.74
0;B1;1.59;0;1.59
0;B2;1.71;0;1.71
0;B3;1.56;0;1.56
0;B4;1.68;0;1.68
0;B5;1.57;0;1.57
watts;;644.25;;
amps;;40.95;;
0;B0;1.89;0;1.89
0;B1;1.76;0;1.76
0;B2;1.89;0;1.89
0;B3;1.77;0;1.77
0;B4;1.85;0;1.85
0;B5;1.76;0;1.76
watts;;648.47;;
amps;;28.28;;
0;B0;1.81;0;1.81
0;B1;1.7;0;1.7
0;B2;1.82;0;1.82
0;B3;1.69;0;1.69
0;B4;1.78;0;1.78
0;B5;1.69;0;1.69
watts;;651;;
amps;;30.78;;
0;B0;2.57;0;2.57
0;B1;2.53;0;2.53
0;B2;2.6;0;2.6
0;B3;2.57;0;2.57
0;B4;2.6;0;2.6
0;B5;2.54;0;2.54
watts;;652.99;;
amps;;0;;
0;B0;1.73;0;1.73
0;B1;1.61;0;1.61
0;B2;1.73;0;1.73
0;B3;1.59;0;1.59
0;B4;1.7;0;1.7
0;B5;1.58;0;1.58
watts;;656;;
amps;;33.45;;
0;B0;2.54;0;2.54
0;B1;2.49;0;2.49
0;B2;2.57;0;2.57
0;B3;2.53;0;2.53
0;B4;2.56;0;2.56
0;B5;2.51;0;2.51
watts;;659.66;;
amps;;0;;
0;B0;2.01;0;2.01
0;B1;1.89;0;1.89
0;B2;2.02;0;2.02
0;B3;1.9;0;1.9
0;B4;1.99;0;1.99
0;B5;1.91;0;1.91
watts;;661.56;;
amps;;23.62;;
0;B0;2.57;0;2.57
0;B1;2.53;0;2.53
0;B2;2.61;0;2.61
0;B3;2.56;0;2.56
0;B4;2.6;0;2.6
0;B5;2.54;0;2.54
watts;;663;;
amps;;0;;
0;B0;2.26;0;2.26
0;B1;2.19;0;2.19
0;B2;2.28;0;2.28
0;B3;2.19;0;2.19
0;B4;2.26;0;2.26
0;B5;2.19;0;2.19
watts;;664.5;;
amps;;16.06;;
0;B0;2.56;0;2.56
0;B1;2.51;0;2.51
0;B2;2.6;0;2.6
0;B3;2.55;0;2.55
0;B4;2.6;0;2.6
0;B5;2.54;0;2.54
watts;;666.23;;
amps;;1.51;;
0;B0;2.59;0;2.59
0;B1;2.55;0;2.55
0;B2;2.63;0;2.63
0;B3;2.59;0;2.59
0;B4;2.61;0;2.61
0;B5;2.56;0;2.56
watts;;670.68;;
amps;;0;;
0;B0;2.52;0;2.52
0;B1;2.47;0;2.47
0;B2;2.56;0;2.56
0;B3;2.5;0;2.5
0;B4;2.54;0;2.54
0;B5;2.48;0;2.48
watts;;670;;
amps;;3.45;;
0;B0;1.7;0;1.7
0;B1;1.56;0;1.56
0;B2;1.7;0;1.7
0;B3;1.56;0;1.56
0;B4;1.67;0;1.67
0;B5;1.58;0;1.58
watts;;680.09;;
amps;;36.84;;
0;B0;1.71;0;1.71
0;B1;1.58;0;1.58
0;B2;1.73;0;1.73
0;B3;1.55;0;1.55
0;B4;1.68;0;1.68
0;B5;1.59;0;1.59
watts;;686.57;;
amps;;35.06;;
0;B0;2.51;0;2.51
0;B1;2.46;0;2.46
0;B2;2.55;0;2.55
0;B3;2.51;0;2.51
0;B4;2.54;0;2.54
0;B5;2.48;0;2.48
watts;;690.58;;
amps;;0;;
0;B0;1.86;0;1.86
0;B1;1.74;0;1.74
0;B2;1.84;0;1.84
0;B3;1.74;0;1.74
0;B4;1.83;0;1.83
0;B5;1.74;0;1.74
watts;;695.22;;
amps;;27.67;;
0;B0;2.53;0;2.53
0;B1;2.48;0;2.48
0;B2;2.57;0;2.57
0;B3;2.53;0;2.53
0;B4;2.57;0;2.57
0;B5;2.5;0;2.5
watts;;701.38;;
amps;;0;;
0;B0;2.51;0;2.51
0;B1;2.46;0;2.46
0;B2;2.54;0;2.54
0;B3;2.52;0;2.52
0;B4;2.55;0;2.55
0;B5;2.48;0;2.48
watts;;707.31;;
amps;;0;;
0;B0;1.59;0;1.59
0;B1;1.44;0;1.44
0;B2;1.58;0;1.58
0;B3;1.4;0;1.4
0;B4;1.53;0;1.53
0;B5;1.42;0;1.42
watts;;708.27;;
amps;;43.44;;
0;B0;2.47;0;2.47
0;B1;2.41;0;2.41
0;B2;2.5;0;2.5
0;B3;2.47;0;2.47
0;B4;2.5;0;2.5
0;B5;2.44;0;2.44
watts;;713.3;;
amps;;0;;
0;B0;1.6;0;1.6
0;B1;1.45;0;1.45
0;B2;1.59;0;1.59
0;B3;1.42;0;1.42
0;B4;1.56;0;1.56
0;B5;1.44;0;1.44
watts;;714.74;;
amps;;42.67;;
0;B0;1.67;0;1.67
0;B1;1.5;0;1.5
0;B2;1.65;0;1.65
0;B3;1.51;0;1.51
0;B4;1.6;0;1.6
0;B5;1.51;0;1.51
watts;;720.09;;
amps;;33.95;;
0;B0;1.83;0;1.83
0;B1;1.7;0;1.7
0;B2;1.82;0;1.82
0;B3;1.72;0;1.72
0;B4;1.8;0;1.8
0;B5;1.71;0;1.71
watts;;724.57;;
amps;;27.89;;
0;B0;1.88;0;1.88
0;B1;1.76;0;1.76
0;B2;1.88;0;1.88
0;B3;1.77;0;1.77
0;B4;1.86;0;1.86
0;B5;1.77;0;1.77
watts;;728.46;;
amps;;26.67;;
0;B0;1.94;0;1.94
0;B1;1.82;0;1.82
0;B2;1.95;0;1.95
0;B3;1.84;0;1.84
0;B4;1.91;0;1.91
0;B5;1.82;0;1.82
watts;;732.04;;
amps;;23.95;;
0;B0;1.94;0;1.94
0;B1;1.82;0;1.82
0;B2;1.94;0;1.94
0;B3;1.85;0;1.85
0;B4;1.92;0;1.92
0;B5;1.84;0;1.84
watts;;735.7;;
amps;;22.12;;
0;B0;2.53;0;2.53
0;B1;2.48;0;2.48
0;B2;2.56;0;2.56
0;B3;2.51;0;2.51
0;B4;2.56;0;2.56
0;B5;2.5;0;2.5
watts;;737.2;;
amps;;0;;
0;B0;2.59;0;2.59
0;B1;2.54;0;2.54
0;B2;2.63;0;2.63
0;B3;2.58;0;2.58
0;B4;2.62;0;2.62
0;B5;2.56;0;2.56
watts;;739.52;;
amps;;0;;
0;B0;2.63;0;2.63
0;B1;2.58;0;2.58
0;B2;2.67;0;2.67
0;B3;2.64;0;2.64
0;B4;2.67;0;2.67
0;B5;2.61;0;2.61
watts;;739.6;;
amps;;0;;
0;B0;2.66;0;2.66
0;B1;2.61;0;2.61
0;B2;2.68;0;2.68
0;B3;2.66;0;2.66
0;B4;2.7;0;2.7
0;B5;2.63;0;2.63
watts;;739.6;;
amps;;0;;
0;B0;2.67;0;2.67
0;B1;2.63;0;2.63
0;B2;2.7;0;2.7
0;B3;2.66;0;2.66
0;B4;2.7;0;2.7
0;B5;2.65;0;2.65
watts;;739.7;;
amps;;0;;
0;B0;2.69;0;2.69
0;B1;2.65;0;2.65
0;B2;2.73;0;2.73
0;B3;2.68;0;2.68
0;B4;2.73;0;2.73
0;B5;2.67;0;2.67
watts;;739.7;;
amps;;0;;
0;B0;2.64;0;2.64
0;B1;2.6;0;2.6
0;B2;2.7;0;2.7
0;B3;2.63;0;2.63
0;B4;2.69;0;2.69
0;B5;2.62;0;2.62
watts;;739.85;;
amps;;3.62;;
0;B0;2.7;0;2.7
0;B1;2.67;0;2.67
0;B2;2.75;0;2.75
0;B3;2.69;0;2.69
0;B4;2.73;0;2.73
0;B5;2.68;0;2.68
watts;;740.01;;
amps;;0;;
0;B0;2.71;0;2.71
0;B1;2.67;0;2.67
0;B2;2.74;0;2.74
0;B3;2.71;0;2.71
0;B4;2.74;0;2.74
0;B5;2.69;0;2.69
watts;;740.33;;
amps;;0;;
0;B0;2.72;0;2.72
0;B1;2.68;0;2.68
0;B2;2.77;0;2.77
0;B3;2.71;0;2.71
0;B4;2.77;0;2.77
0;B5;2.7;0;2.7
watts;;740.41;;
amps;;0;;
0;B0;2.73;0;2.73
0;B1;2.7;0;2.7
0;B2;2.77;0;2.77
0;B3;2.72;0;2.72
0;B4;2.76;0;2.76
0;B5;2.7;0;2.7
watts;;740.41;;
amps;;0;;