IDMessage;Battery;Value;Delta;Origin
0;B0;3.09;0.00;3.090
0;B1;3.13;0.00;3.130
0;B2;3.17;0.00;3.170
0;B3;3.17;0.00;3.170
0;B4;3.20;0.00;3.200
0;B5;3.15;0.00;3.150
watts;;   0.00;;
amps;; 0.00;;
0;B0;1.36;0.00;1.360
0;B1;0.76;0.00;0.760
0;B2;1.68;0.00;1.680
0;B3;1.65;0.00;1.650
0;B4;1.51;0.00;1.510
0;B5;1.62;0.00;1.620
watts;;   2.72;;
amps;;21.92;;
0;B0;2.89;0.00;2.890
0;B1;2.90;0.00;2.900
0;B2;2.96;0.00;2.960
0;B3;2.92;0.00;2.920
0;B4;2.95;0.00;2.950
0;B5;2.92;0.00;2.920
watts;;   3.37;;
amps;; 0.00;;
0;B0;2.91;0.00;2.910
0;B1;2.92;0.00;2.920
0;B2;2.96;0.00;2.960
0;B3;2.95;0.00;2.950
0;B4;2.98;0.00;2.980
0;B5;2.94;0.00;2.940
watts;;   3.37;;
amps;; 0.00;;
0;B0;2.92;0.00;2.920
0;B1;2.94;0.00;2.940
0;B2;2.97;0.00;2.970
0;B3;2.96;0.00;2.960
0;B4;3.00;0.00;3.000
0;B5;2.95;0.00;2.950
watts;;   3.37;;
amps;; 0.00;;
0;B0;2.92;0.00;2.920
0;B1;2.93;0.00;2.930
0;B2;2.98;0.00;2.980
0;B3;2.96;0.00;2.960
0;B4;3.00;0.00;3.000
0;B5;2.95;0.00;2.950
watts;;   3.37;;
amps;; 0.00;;
0;B0;2.80;0.00;2.800
0;B1;2.78;0.00;2.780
0;B2;2.85;0.00;2.850
0;B3;2.83;0.00;2.830
0;B4;2.86;0.00;2.860
0;B5;2.84;0.00;2.840
watts;;   5.15;;
amps;; 0.00;;
0;B0;2.87;0.00;2.870
0;B1;2.88;0.00;2.880
0;B2;2.94;0.00;2.940
0;B3;2.90;0.00;2.900
0;B4;2.94;0.00;2.940
0;B5;2.91;0.00;2.910
watts;;   5.15;;
amps;; 0.00;;
0;B0;2.90;0.00;2.900
0;B1;2.91;0.00;2.910
0;B2;2.94;0.00;2.940
0;B3;2.92;0.00;2.920
0;B4;2.96;0.00;2.960
0;B5;2.92;0.00;2.920
watts;;   5.15;;
amps;; 0.00;;
0;B0;2.91;0.00;2.910
0;B1;2.93;0.00;2.930
0;B2;2.97;0.00;2.970
0;B3;2.94;0.00;2.940
0;B4;2.99;0.00;2.990
0;B5;2.94;0.00;2.940
watts;;   5.15;;
amps;; 0.00;;
0;B0;2.93;0.00;2.930
0;B1;2.94;0.00;2.940
0;B2;2.99;0.00;2.990
0;B3;2.95;0.00;2.950
0;B4;2.99;0.00;2.990
0;B5;2.95;0.00;2.950
watts;;   5.15;;
amps;; 0.00;;
0;B0;2.93;0.00;2.930
0;B1;2.95;0.00;2.950
0;B2;3.00;0.00;3.000
0;B3;2.96;0.00;2.960
0;B4;3.00;0.00;3.000
0;B5;2.96;0.00;2.960
watts;;   5.15;;
amps;; 0.00;;
0;B0;2.94;0.00;2.940
0;B1;2.96;0.00;2.960
0;B2;2.99;0.00;2.990
0;B3;2.97;0.00;2.970
0;B4;3.00;0.00;3.000
0;B5;2.97;0.00;2.970
watts;;   5.15;;
amps;; 0.00;;
0;B0;2.53;0.00;2.530
0;B1;2.37;0.00;2.370
0;B2;2.72;0.00;2.720
0;B3;2.64;0.00;2.640
0;B4;2.64;0.00;2.640
0;B5;2.63;0.00;2.630
watts;;   5.15;;
amps;; 0.00;;
0;B0;1.28;0.00;1.280
0;B1;0.60;0.00;0.600
0;B2;1.60;0.00;1.600
0;B3;1.54;0.00;1.540
0;B4;1.41;0.00;1.410
0;B5;1.57;0.00;1.570
watts;;  12.50;;
amps;;24.14;;
0;B0;1.42;0.00;1.420
0;B1;0.79;0.00;0.790
0;B2;1.74;0.00;1.740
0;B3;1.67;0.00;1.670
0;B4;1.56;0.00;1.560
0;B5;1.70;0.00;1.700
watts;;  19.10;;
amps;;20.31;;
0;B0;1.39;0.00;1.390
0;B1;0.75;0.00;0.750
0;B2;1.71;0.00;1.710
0;B3;1.64;0.00;1.640
0;B4;1.52;0.00;1.520
0;B5;1.68;0.00;1.680
watts;;  24.55;;
amps;;20.75;;
0;B0;1.05;0.00;1.050
0;B1;0.27;0.00;0.270
0;B2;1.43;0.00;1.430
0;B3;1.37;0.00;1.370
0;B4;1.21;0.00;1.210
0;B5;1.37;0.00;1.370
watts;;  28.03;;
amps;;28.70;;
0;B0;2.63;0.00;2.630
0;B1;2.51;0.00;2.510
0;B2;2.71;0.00;2.710
0;B3;2.67;0.00;2.670
0;B4;2.68;0.00;2.680
0;B5;2.70;0.00;2.700
watts;;  32.18;;
amps;; 0.00;;
0;B0;2.69;0.00;2.690
0;B1;2.61;0.00;2.610
0;B2;2.77;0.00;2.770
0;B3;2.73;0.00;2.730
0;B4;2.74;0.00;2.740
0;B5;2.76;0.00;2.760
watts;;  32.18;;
amps;; 0.00;;
0;B0;1.00;0.00;1.000
0;B1;0.25;0.00;0.250
0;B2;1.38;0.00;1.380
0;B3;1.33;0.00;1.330
0;B4;1.15;0.00;1.150
0;B5;1.33;0.00;1.330
watts;;  34.01;;
amps;;29.31;;
0;B0;1.49;0.00;1.490
0;B1;0.87;0.00;0.870
0;B2;1.79;0.00;1.790
0;B3;1.73;0.00;1.730
0;B4;1.61;0.00;1.610
0;B5;1.73;0.00;1.730
watts;;  43.48;;
amps;; 0.00;;
0;B0;1.14;0.00;1.140
0;B1;0.42;0.00;0.420
0;B2;1.48;0.00;1.480
0;B3;1.43;0.00;1.430
0;B4;1.28;0.00;1.280
0;B5;1.46;0.00;1.460
watts;;  44.70;;
amps;;26.53;;
0;B0;2.55;0.00;2.550
0;B1;2.41;0.00;2.410
0;B2;2.66;0.00;2.660
0;B3;2.60;0.00;2.600
0;B4;2.60;0.00;2.600
0;B5;2.64;0.00;2.640
watts;;  49.36;;
amps;; 0.00;;
0;B0;2.21;0.00;2.210
0;B1;1.89;0.00;1.890
0;B2;2.36;0.00;2.360
0;B3;2.31;0.00;2.310
0;B4;2.27;0.00;2.270
0;B5;2.34;0.00;2.340
watts;;  49.36;;
amps;; 0.00;;
0;B0;2.67;0.00;2.670
0;B1;2.56;0.00;2.560
0;B2;2.76;0.00;2.760
0;B3;2.71;0.00;2.710
0;B4;2.71;0.00;2.710
0;B5;2.74;0.00;2.740
watts;;  50.98;;
amps;; 0.00;;
0;B0;2.71;0.00;2.710
0;B1;2.62;0.00;2.620
0;B2;2.78;0.00;2.780
0;B3;2.74;0.00;2.740
0;B4;2.75;0.00;2.750
0;B5;2.78;0.00;2.780
watts;;  50.00;;
amps;; 0.00;;
0;B0;2.58;0.00;2.580
0;B1;2.46;0.00;2.460
0;B2;2.69;0.00;2.690
0;B3;2.64;0.00;2.640
0;B4;2.64;0.00;2.640
0;B5;2.65;0.00;2.650
watts;;  50.98;;
amps;; 0.00;;
0;B0;1.39;0.00;1.390
0;B1;0.83;0.00;0.830
0;B2;1.70;0.00;1.700
0;B3;1.65;0.00;1.650
0;B4;1.53;0.00;1.530
0;B5;1.64;0.00;1.640
watts;;   5.00;;
amps;;24.98;;
0;B0;2.64;0.00;2.640
0;B1;2.51;0.00;2.510
0;B2;2.70;0.00;2.700
0;B3;2.66;0.00;2.660
0;B4;2.67;0.00;2.670
0;B5;2.69;0.00;2.690
watts;;  57.20;;
amps;; 0.00;;
0;B0;2.57;0.00;2.570
0;B1;2.43;0.00;2.430
0;B2;2.65;0.00;2.650
0;B3;2.61;0.00;2.610
0;B4;2.60;0.00;2.600
0;B5;2.65;0.00;2.650
watts;;  61.77;;
amps;; 0.00;;
0;B0;2.68;0.00;2.680
0;B1;2.59;0.00;2.590
0;B2;2.77;0.00;2.770
0;B3;2.71;0.00;2.710
0;B4;2.72;0.00;2.720
0;B5;2.74;0.00;2.740
watts;;  61.77;;
amps;; 0.00;;
0;B0;2.61;0.00;2.610
0;B1;2.49;0.00;2.490
0;B2;2.71;0.00;2.710
0;B3;2.64;0.00;2.640
0;B4;2.65;0.00;2.650
0;B5;2.68;0.00;2.680
watts;;  64.00;;
amps;; 0.00;;
0;B0;2.58;0.00;2.580
0;B1;2.45;0.00;2.450
0;B2;2.66;0.00;2.660
0;B3;2.61;0.00;2.610
0;B4;2.60;0.00;2.600
0;B5;2.65;0.00;2.650
watts;;  67.05;;
amps;; 0.00;;
0;B0;1.50;0.00;1.500
0;B1;0.97;0.00;0.970
0;B2;1.79;0.00;1.790
0;B3;1.72;0.00;1.720
0;B4;1.61;0.00;1.610
0;B5;1.73;0.00;1.730
watts;;  67.30;;
amps;;22.14;;
0;B0;1.27;0.00;1.270
0;B1;0.62;0.00;0.620
0;B2;1.57;0.00;1.570
0;B3;1.49;0.00;1.490
0;B4;1.37;0.00;1.370
0;B5;1.52;0.00;1.520
watts;;  71.00;;
amps;;28.31;;
0;B0;1.38;0.00;1.380
0;B1;0.81;0.00;0.810
0;B2;1.67;0.00;1.670
0;B3;1.61;0.00;1.610
0;B4;1.49;0.00;1.490
0;B5;1.64;0.00;1.640
watts;;  76.59;;
amps;;20.53;;
0;B0;2.14;0.00;2.140
0;B1;1.85;0.00;1.850
0;B2;2.29;0.00;2.290
0;B3;2.27;0.00;2.270
0;B4;2.20;0.00;2.200
0;B5;2.29;0.00;2.290
watts;;  78.48;;
amps;; 0.00;;
0;B0;1.28;0.00;1.280
0;B1;0.66;0.00;0.660
0;B2;1.56;0.00;1.560
0;B3;1.51;0.00;1.510
0;B4;1.38;0.00;1.380
0;B5;1.54;0.00;1.540
watts;;  83.66;;
amps;;23.59;;
0;B0;2.59;0.00;2.590
0;B1;2.49;0.00;2.490
0;B2;2.69;0.00;2.690
0;B3;2.64;0.00;2.640
0;B4;2.64;0.00;2.640
0;B5;2.68;0.00;2.680
watts;;  85.10;;
amps;; 0.00;;
0;B0;2.58;0.00;2.580
0;B1;2.45;0.00;2.450
0;B2;2.65;0.00;2.650
0;B3;2.62;0.00;2.620
0;B4;2.61;0.00;2.610
0;B5;2.65;0.00;2.650
watts;;  86.74;;
amps;; 0.00;;
0;B0;2.68;0.00;2.680
0;B1;2.60;0.00;2.600
0;B2;2.77;0.00;2.770
0;B3;2.71;0.00;2.710
0;B4;2.72;0.00;2.720
0;B5;2.75;0.00;2.750
watts;;  86.70;;
amps;; 0.00;;
0;B0;2.73;0.00;2.730
0;B1;2.66;0.00;2.660
0;B2;2.80;0.00;2.800
0;B3;2.75;0.00;2.750
0;B4;2.77;0.00;2.770
0;B5;2.79;0.00;2.790
watts;;  86.74;;
amps;; 0.00;;
0;B0;2.72;0.00;2.720
0;B1;2.65;0.00;2.650
0;B2;2.80;0.00;2.800
0;B3;2.75;0.00;2.750
0;B4;2.77;0.00;2.770
0;B5;2.78;0.00;2.780
watts;;  86.74;;
amps;; 0.00;;
0;B0;2.78;0.00;2.780
0;B1;2.72;0.00;2.720
0;B2;2.86;0.00;2.860
0;B3;2.80;0.00;2.800
0;B4;2.82;0.00;2.820
0;B5;2.83;0.00;2.830
watts;;  86.74;;
amps;; 0.00;;
0;B0;2.80;0.00;2.800
0;B1;2.76;0.00;2.760
0;B2;2.86;0.00;2.860
0;B3;2.82;0.00;2.820
0;B4;2.85;0.00;2.850
0;B5;2.85;0.00;2.850
watts;;  86.74;;
amps;; 0.00;;
0;B0;2.82;0.00;2.820
0;B1;2.78;0.00;2.780
0;B2;2.87;0.00;2.870
0;B3;2.83;0.00;2.830
0;B4;2.86;0.00;2.860
0;B5;2.86;0.00;2.860
watts;;  86.74;;
amps;; 0.00;;
0;B0;1.58;0.00;1.580
0;B1;1.12;0.00;1.120
0;B2;1.79;0.00;1.790
0;B3;1.78;0.00;1.780
0;B4;1.68;0.00;1.680
0;B5;1.80;0.00;1.800
watts;;  87.69;;
amps;;21.09;;
0;B0;2.62;0.00;2.620
0;B1;2.52;0.00;2.520
0;B2;2.72;0.00;2.720
0;B3;2.67;0.00;2.670
0;B4;2.69;0.00;2.690
0;B5;2.69;0.00;2.690
watts;;  89.29;;
amps;; 0.00;;
0;B0;2.61;0.00;2.610
0;B1;2.51;0.00;2.510
0;B2;2.70;0.00;2.700
0;B3;2.66;0.00;2.660
0;B4;2.66;0.00;2.660
0;B5;2.70;0.00;2.700
watts;;  90.20;;
amps;; 0.00;;
0;B0;2.18;0.00;2.180
0;B1;1.92;0.00;1.920
0;B2;2.32;0.00;2.320
0;B3;2.29;0.00;2.290
0;B4;2.24;0.00;2.240
0;B5;2.32;0.00;2.320
watts;;  90.45;;
amps;; 4.93;;
0;B0;2.62;0.00;2.620
0;B1;2.49;0.00;2.490
0;B2;2.71;0.00;2.710
0;B3;2.65;0.00;2.650
0;B4;2.65;0.00;2.650
0;B5;2.68;0.00;2.680
watts;;  91.13;;
amps;; 0.00;;
0;B0;2.77;0.00;2.770
0;B1;2.71;0.00;2.710
0;B2;2.83;0.00;2.830
0;B3;2.78;0.00;2.780
0;B4;2.81;0.00;2.810
0;B5;2.82;0.00;2.820
watts;;  91.13;;
amps;; 0.00;;
0;B0;2.58;0.00;2.580
0;B1;2.47;0.00;2.470
0;B2;2.68;0.00;2.680
0;B3;2.63;0.00;2.630
0;B4;2.63;0.00;2.630
0;B5;2.66;0.00;2.660
watts;;  91.13;;
amps;; 0.00;;
0;B0;2.81;0.00;2.810
0;B1;2.75;0.00;2.750
0;B2;2.86;0.00;2.860
0;B3;2.82;0.00;2.820
0;B4;2.85;0.00;2.850
0;B5;2.84;0.00;2.840
watts;;  91.13;;
amps;; 0.00;;
0;B0;2.83;0.00;2.830
0;B1;2.78;0.00;2.780
0;B2;2.88;0.00;2.880
0;B3;2.83;0.00;2.830
0;B4;2.86;0.00;2.860
0;B5;2.86;0.00;2.860
watts;;  91.13;;
amps;; 0.00;;
0;B0;2.68;0.00;2.680
0;B1;2.60;0.00;2.600
0;B2;2.73;0.00;2.730
0;B3;2.72;0.00;2.720
0;B4;2.73;0.00;2.730
0;B5;2.75;0.00;2.750
watts;;  91.47;;
amps;; 0.00;;
0;B0;2.84;0.00;2.840
0;B1;2.81;0.00;2.810
0;B2;2.89;0.00;2.890
0;B3;2.85;0.00;2.850
0;B4;2.88;0.00;2.880
0;B5;2.88;0.00;2.880
watts;;  91.48;;
amps;; 0.00;;
0;B0;2.71;0.00;2.710
0;B1;2.64;0.00;2.640
0;B2;2.79;0.00;2.790
0;B3;2.74;0.00;2.740
0;B4;2.76;0.00;2.760
0;B5;2.77;0.00;2.770
watts;;  91.00;;
amps;; 0.00;;
0;B0;2.81;0.00;2.810
0;B1;2.78;0.00;2.780
0;B2;2.88;0.00;2.880
0;B3;2.82;0.00;2.820
0;B4;2.85;0.00;2.850
0;B5;2.86;0.00;2.860
watts;;  92.09;;
amps;; 0.00;;
0;B0;2.86;0.00;2.860
0;B1;2.85;0.00;2.850
0;B2;2.91;0.00;2.910
0;B3;2.87;0.00;2.870
0;B4;2.91;0.00;2.910
0;B5;2.89;0.00;2.890
watts;;  92.09;;
amps;; 0.00;;
0;B0;2.90;0.00;2.900
0;B1;2.86;0.00;2.860
0;B2;2.91;0.00;2.910
0;B3;2.87;0.00;2.870
0;B4;2.92;0.00;2.920
0;B5;2.90;0.00;2.900
watts;;  92.09;;
amps;; 0.00;;
0;B0;1.93;0.00;1.930
0;B1;1.58;0.00;1.580
0;B2;2.12;0.00;2.120
0;B3;2.08;0.00;2.080
0;B4;2.02;0.00;2.020
0;B5;2.09;0.00;2.090
watts;;  98.93;;
amps;; 0.00;;
0;B0;1.32;0.00;1.320
0;B1;0.79;0.00;0.790
0;B2;1.62;0.00;1.620
0;B3;1.56;0.00;1.560
0;B4;1.44;0.00;1.440
0;B5;1.57;0.00;1.570
watts;;  99.80;;
amps;;25.98;;
0;B0;2.74;0.00;2.740
0;B1;2.69;0.00;2.690
0;B2;2.80;0.00;2.800
0;B3;2.77;0.00;2.770
0;B4;2.78;0.00;2.780
0;B5;2.81;0.00;2.810
watts;; 100.45;;
amps;; 0.00;;
0;B0;2.78;0.00;2.780
0;B1;2.74;0.00;2.740
0;B2;2.85;0.00;2.850
0;B3;2.80;0.00;2.800
0;B4;2.82;0.00;2.820
0;B5;2.83;0.00;2.830
watts;; 100.45;;
amps;; 0.00;;
0;B0;2.81;0.00;2.810
0;B1;2.76;0.00;2.760
0;B2;2.86;0.00;2.860
0;B3;2.81;0.00;2.810
0;B4;2.84;0.00;2.840
0;B5;2.85;0.00;2.850
watts;; 100.45;;
amps;; 0.00;;
0;B0;2.84;0.00;2.840
0;B1;2.79;0.00;2.790
0;B2;2.87;0.00;2.870
0;B3;2.83;0.00;2.830
0;B4;2.86;0.00;2.860
0;B5;2.85;0.00;2.850
watts;; 100.45;;
amps;; 0.00;;
0;B0;2.84;0.00;2.840
0;B1;2.80;0.00;2.800
0;B2;2.90;0.00;2.900
0;B3;2.84;0.00;2.840
0;B4;2.87;0.00;2.870
0;B5;2.88;0.00;2.880
watts;; 100.45;;
amps;; 0.00;;
0;B0;2.85;0.00;2.850
0;B1;2.83;0.00;2.830
0;B2;2.92;0.00;2.920
0;B3;2.86;0.00;2.860
0;B4;2.89;0.00;2.890
0;B5;2.89;0.00;2.890
watts;; 100.45;;
amps;; 0.00;;
0;B0;2.85;0.00;2.850
0;B1;2.84;0.00;2.840
0;B2;2.92;0.00;2.920
0;B3;2.87;0.00;2.870
0;B4;2.90;0.00;2.900
0;B5;2.90;0.00;2.900
watts;; 100.00;;
amps;; 0.00;;
0;B0;2.84;0.00;2.840
0;B1;2.82;0.00;2.820
0;B2;2.90;0.00;2.900
0;B3;2.86;0.00;2.860
0;B4;2.88;0.00;2.880
0;B5;2.88;0.00;2.880
watts;; 100.45;;
amps;; 0.00;;
0;B0;2.82;0.00;2.820
0;B1;2.79;0.00;2.790
0;B2;2.89;0.00;2.890
0;B3;2.83;0.00;2.830
0;B4;2.86;0.00;2.860
0;B5;2.86;0.00;2.860
watts;; 100.90;;
amps;; 0.00;;
0;B0;2.81;0.00;2.810
0;B1;2.77;0.00;2.770
0;B2;2.87;0.00;2.870
0;B3;2.82;0.00;2.820
0;B4;2.85;0.00;2.850
0;B5;2.85;0.00;2.850
watts;; 101.57;;
amps;; 0.00;;
0;B0;2.87;0.00;2.870
0;B1;2.83;0.00;2.830
0;B2;2.90;0.00;2.900
0;B3;2.87;0.00;2.870
0;B4;2.89;0.00;2.890
0;B5;2.90;0.00;2.900
watts;; 101.57;;
amps;; 0.00;;
0;B0;1.90;0.00;1.900
0;B1;1.58;0.00;1.580
0;B2;2.12;0.00;2.120
0;B3;2.09;0.00;2.090
0;B4;2.03;0.00;2.030
0;B5;2.09;0.00;2.090
watts;; 101.62;;
amps;;20.53;;
0;B0;2.24;0.00;2.240
0;B1;1.97;0.00;1.970
0;B2;2.36;0.00;2.360
0;B3;2.31;0.00;2.310
0;B4;2.28;0.00;2.280
0;B5;2.34;0.00;2.340
watts;; 102.59;;
amps;; 3.93;;
0;B0;1.89;0.00;1.890
0;B1;1.54;0.00;1.540
0;B2;2.11;0.00;2.110
0;B3;2.05;0.00;2.050
0;B4;1.97;0.00;1.970
0;B5;2.08;0.00;2.080
watts;; 103.34;;
amps;;15.48;;
0;B0;1.33;0.00;1.330
0;B1;0.73;0.00;0.730
0;B2;1.57;0.00;1.570
0;B3;1.54;0.00;1.540
0;B4;1.41;0.00;1.410
0;B5;1.54;0.00;1.540
watts;; 107.22;;
amps;;26.75;;
0;B0;1.54;0.00;1.540
0;B1;1.05;0.00;1.050
0;B2;1.77;0.00;1.770
0;B3;1.72;0.00;1.720
0;B4;1.62;0.00;1.620
0;B5;1.75;0.00;1.750
watts;; 113.83;;
amps;;19.53;;
0;B0;2.37;0.00;2.370
0;B1;2.11;0.00;2.110
0;B2;2.43;0.00;2.430
0;B3;2.41;0.00;2.410
0;B4;2.39;0.00;2.390
0;B5;2.46;0.00;2.460
watts;; 115.22;;
amps;; 0.00;;
0;B0;1.26;0.00;1.260
0;B1;0.65;0.00;0.650
0;B2;1.53;0.00;1.530
0;B3;1.50;0.00;1.500
0;B4;1.35;0.00;1.350
0;B5;1.51;0.00;1.510
watts;; 118.83;;
amps;;26.42;;
0;B0;1.96;0.00;1.960
0;B1;1.62;0.00;1.620
0;B2;2.15;0.00;2.150
0;B3;2.08;0.00;2.080
0;B4;2.03;0.00;2.030
0;B5;2.14;0.00;2.140
watts;; 122.86;;
amps;; 8.81;;
0;B0;2.64;0.00;2.640
0;B1;2.55;0.00;2.550
0;B2;2.71;0.00;2.710
0;B3;2.67;0.00;2.670
0;B4;2.67;0.00;2.670
0;B5;2.72;0.00;2.720
watts;; 125.48;;
amps;; 0.00;;
0;B0;2.27;0.00;2.270
0;B1;2.03;0.00;2.030
0;B2;2.38;0.00;2.380
0;B3;2.32;0.00;2.320
0;B4;2.30;0.00;2.300
0;B5;2.40;0.00;2.400
watts;; 126.66;;
amps;; 0.00;;
0;B0;2.38;0.00;2.380
0;B1;2.18;0.00;2.180
0;B2;2.47;0.00;2.470
0;B3;2.44;0.00;2.440
0;B4;2.43;0.00;2.430
0;B5;2.48;0.00;2.480
watts;; 126.00;;
amps;; 0.00;;
0;B0;2.72;0.00;2.720
0;B1;2.65;0.00;2.650
0;B2;2.77;0.00;2.770
0;B3;2.73;0.00;2.730
0;B4;2.74;0.00;2.740
0;B5;2.78;0.00;2.780
watts;; 126.85;;
amps;; 0.00;;
0;B0;2.76;0.00;2.760
0;B1;2.70;0.00;2.700
0;B2;2.82;0.00;2.820
0;B3;2.77;0.00;2.770
0;B4;2.79;0.00;2.790
0;B5;2.81;0.00;2.810
watts;; 126.85;;
amps;; 0.00;;
0;B0;1.37;0.00;1.370
0;B1;0.83;0.00;0.830
0;B2;1.64;0.00;1.640
0;B3;1.61;0.00;1.610
0;B4;1.47;0.00;1.470
0;B5;1.60;0.00;1.600
watts;;  12.00;;
amps;;28.59;;
0;B0;2.62;0.00;2.620
0;B1;2.53;0.00;2.530
0;B2;2.69;0.00;2.690
0;B3;2.64;0.00;2.640
0;B4;2.64;0.00;2.640
0;B5;2.69;0.00;2.690
watts;; 132.06;;
amps;; 0.00;;
0;B0;2.09;0.00;2.090
0;B1;1.78;0.00;1.780
0;B2;2.23;0.00;2.230
0;B3;2.18;0.00;2.180
0;B4;2.13;0.00;2.130
0;B5;2.21;0.00;2.210
watts;; 134.14;;
amps;; 4.20;;
0;B0;1.78;0.00;1.780
0;B1;1.33;0.00;1.330
0;B2;1.96;0.00;1.960
0;B3;1.91;0.00;1.910
0;B4;1.83;0.00;1.830
0;B5;1.94;0.00;1.940
watts;; 138.35;;
amps;;11.65;;
0;B0;1.72;0.00;1.720
0;B1;1.03;0.00;1.030
0;B2;1.76;0.00;1.760
0;B3;1.85;0.00;1.850
0;B4;1.63;0.00;1.630
0;B5;1.88;0.00;1.880
watts;; 143.90;;
amps;;17.42;;
0;B0;2.28;0.00;2.280
0;B1;2.06;0.00;2.060
0;B2;2.39;0.00;2.390
0;B3;2.36;0.00;2.360
0;B4;2.34;0.00;2.340
0;B5;2.39;0.00;2.390
watts;; 143.91;;
amps;; 0.00;;
0;B0;1.40;0.00;1.400
0;B1;0.80;0.00;0.800
0;B2;1.63;0.00;1.630
0;B3;1.60;0.00;1.600
0;B4;1.47;0.00;1.470
0;B5;1.62;0.00;1.620
watts;; 151.25;;
amps;;21.92;;
0;B0;1.32;0.00;1.320
0;B1;0.70;0.00;0.700
0;B2;1.57;0.00;1.570
0;B3;1.53;0.00;1.530
0;B4;1.40;0.00;1.400
0;B5;1.53;0.00;1.530
watts;; 154.64;;
amps;;29.86;;
0;B0;1.54;0.00;1.540
0;B1;0.97;0.00;0.970
0;B2;1.73;0.00;1.730
0;B3;1.70;0.00;1.700
0;B4;1.58;0.00;1.580
0;B5;1.74;0.00;1.740
watts;; 160.89;;
amps;;17.31;;
0;B0;1.53;0.00;1.530
0;B1;0.97;0.00;0.970
0;B2;1.74;0.00;1.740
0;B3;1.71;0.00;1.710
0;B4;1.59;0.00;1.590
0;B5;1.73;0.00;1.730
watts;; 165.99;;
amps;;19.37;;
0;B0;1.21;0.00;1.210
0;B1;0.48;0.00;0.480
0;B2;1.47;0.00;1.470
0;B3;1.43;0.00;1.430
0;B4;1.26;0.00;1.260
0;B5;1.44;0.00;1.440
watts;; 169.79;;
amps;;28.36;;
0;B0;1.21;0.00;1.210
0;B1;0.55;0.00;0.550
0;B2;1.48;0.00;1.480
0;B3;1.46;0.00;1.460
0;B4;1.28;0.00;1.280
0;B5;1.47;0.00;1.470
watts;; 173.56;;
amps;;27.86;;
0;B0;1.23;0.00;1.230
0;B1;0.59;0.00;0.590
0;B2;1.49;0.00;1.490
0;B3;1.48;0.00;1.480
0;B4;1.32;0.00;1.320
0;B5;1.47;0.00;1.470
watts;; 177.01;;
amps;;26.98;;
0;B0;1.45;0.00;1.450
0;B1;0.85;0.00;0.850
0;B2;1.68;0.00;1.680
0;B3;1.64;0.00;1.640
0;B4;1.50;0.00;1.500
0;B5;1.64;0.00;1.640
watts;; 183.89;;
amps;;19.26;;
0;B0;2.12;0.00;2.120
0;B1;1.84;0.00;1.840
0;B2;2.26;0.00;2.260
0;B3;2.23;0.00;2.230
0;B4;2.19;0.00;2.190
0;B5;2.23;0.00;2.230
watts;; 185.23;;
amps;; 3.20;;
0;B0;2.50;0.00;2.500
0;B1;2.31;0.00;2.310
0;B2;2.57;0.00;2.570
0;B3;2.51;0.00;2.510
0;B4;2.50;0.00;2.500
0;B5;2.58;0.00;2.580
watts;; 190.00;;
amps;; 0.00;;
0;B0;2.24;0.00;2.240
0;B1;1.99;0.00;1.990
0;B2;2.36;0.00;2.360
0;B3;2.36;0.00;2.360
0;B4;2.32;0.00;2.320
0;B5;2.35;0.00;2.350
watts;; 190.53;;
amps;; 0.00;;
0;B0;1.40;0.00;1.400
0;B1;0.76;0.00;0.760
0;B2;1.65;0.00;1.650
0;B3;1.60;0.00;1.600
0;B4;1.46;0.00;1.460
0;B5;1.63;0.00;1.630
watts;; 194.34;;
amps;;23.98;;
0;B0;2.61;0.00;2.610
0;B1;2.50;0.00;2.500
0;B2;2.66;0.00;2.660
0;B3;2.62;0.00;2.620
0;B4;2.62;0.00;2.620
0;B5;2.64;0.00;2.640
watts;; 197.52;;
amps;; 0.00;;
0;B0;1.25;0.00;1.250
0;B1;0.60;0.00;0.600
0;B2;1.53;0.00;1.530
0;B3;1.50;0.00;1.500
0;B4;1.32;0.00;1.320
0;B5;1.48;0.00;1.480
watts;; 200.09;;
amps;;25.75;;
0;B0;2.56;0.00;2.560
0;B1;2.42;0.00;2.420
0;B2;2.61;0.00;2.610
0;B3;2.57;0.00;2.570
0;B4;2.55;0.00;2.550
0;B5;2.62;0.00;2.620
watts;; 204.27;;
amps;; 0.00;;
0;B0;2.60;0.00;2.600
0;B1;2.49;0.00;2.490
0;B2;2.67;0.00;2.670
0;B3;2.61;0.00;2.610
0;B4;2.61;0.00;2.610
0;B5;2.66;0.00;2.660
watts;; 205.06;;
amps;; 0.00;;
0;B0;2.32;0.00;2.320
0;B1;2.09;0.00;2.090
0;B2;2.42;0.00;2.420
0;B3;2.39;0.00;2.390
0;B4;2.34;0.00;2.340
0;B5;2.43;0.00;2.430
watts;; 206.08;;
amps;; 0.00;;
0;B0;1.24;0.00;1.240
0;B1;0.56;0.00;0.560
0;B2;1.52;0.00;1.520
0;B3;1.48;0.00;1.480
0;B4;1.31;0.00;1.310
0;B5;1.46;0.00;1.460
watts;; 209.07;;
amps;;30.36;;
0;B0;2.11;0.00;2.110
0;B1;1.82;0.00;1.820
0;B2;2.24;0.00;2.240
0;B3;2.20;0.00;2.200
0;B4;2.15;0.00;2.150
0;B5;2.25;0.00;2.250
watts;; 214.00;;
amps;; 2.76;;
0;B0;1.46;0.00;1.460
0;B1;0.86;0.00;0.860
0;B2;1.70;0.00;1.700
0;B3;1.67;0.00;1.670
0;B4;1.52;0.00;1.520
0;B5;1.66;0.00;1.660
watts;; 217.04;;
amps;;22.31;;
0;B0;1.61;0.00;1.610
0;B1;0.96;0.00;0.960
0;B2;1.72;0.00;1.720
0;B3;1.73;0.00;1.730
0;B4;1.67;0.00;1.670
0;B5;1.72;0.00;1.720
watts;; 220.04;;
amps;;15.81;;
0;B0;2.65;0.00;2.650
0;B1;2.55;0.00;2.550
0;B2;2.69;0.00;2.690
0;B3;2.66;0.00;2.660
0;B4;2.65;0.00;2.650
0;B5;2.72;0.00;2.720
watts;; 222.31;;
amps;; 0.00;;
0;B0;2.08;0.00;2.080
0;B1;1.78;0.00;1.780
0;B2;2.21;0.00;2.210
0;B3;2.19;0.00;2.190
0;B4;2.11;0.00;2.110
0;B5;2.20;0.00;2.200
watts;; 222.38;;
amps;; 7.37;;
0;B0;2.73;0.00;2.730
0;B1;2.68;0.00;2.680
0;B2;2.76;0.00;2.760
0;B3;2.72;0.00;2.720
0;B4;2.74;0.00;2.740
0;B5;2.77;0.00;2.770
watts;; 222.74;;
amps;; 0.00;;
0;B0;2.73;0.00;2.730
0;B1;2.66;0.00;2.660
0;B2;2.77;0.00;2.770
0;B3;2.73;0.00;2.730
0;B4;2.74;0.00;2.740
0;B5;2.75;0.00;2.750
watts;; 222.85;;
amps;; 0.00;;
0;B0;2.76;0.00;2.760
0;B1;2.72;0.00;2.720
0;B2;2.80;0.00;2.800
0;B3;2.79;0.00;2.790
0;B4;2.77;0.00;2.770
0;B5;2.80;0.00;2.800
watts;; 222.85;;
amps;; 0.00;;
0;B0;2.79;0.00;2.790
0;B1;2.76;0.00;2.760
0;B2;2.83;0.00;2.830
0;B3;2.78;0.00;2.780
0;B4;2.81;0.00;2.810
0;B5;2.82;0.00;2.820
watts;; 222.85;;
amps;; 0.00;;
0;B0;2.71;0.00;2.710
0;B1;2.65;0.00;2.650
0;B2;2.75;0.00;2.750
0;B3;2.73;0.00;2.730
0;B4;2.73;0.00;2.730
0;B5;2.74;0.00;2.740
watts;; 222.80;;
amps;; 0.00;;
0;B0;1.56;0.00;1.560
0;B1;1.03;0.00;1.030
0;B2;1.80;0.00;1.800
0;B3;1.76;0.00;1.760
0;B4;1.63;0.00;1.630
0;B5;1.74;0.00;1.740
watts;; 224.27;;
amps;;25.48;;
0;B0;2.72;0.00;2.720
0;B1;2.66;0.00;2.660
0;B2;2.76;0.00;2.760
0;B3;2.70;0.00;2.700
0;B4;2.73;0.00;2.730
0;B5;2.76;0.00;2.760
watts;; 226.90;;
amps;; 0.00;;
0;B0;1.32;0.00;1.320
0;B1;0.67;0.00;0.670
0;B2;1.58;0.00;1.580
0;B3;1.54;0.00;1.540
0;B4;1.38;0.00;1.380
0;B5;1.55;0.00;1.550
watts;; 230.66;;
amps;;30.86;;
0;B0;2.70;0.00;2.700
0;B1;2.63;0.00;2.630
0;B2;2.73;0.00;2.730
0;B3;2.68;0.00;2.680
0;B4;2.71;0.00;2.710
0;B5;2.73;0.00;2.730
watts;; 232.00;;
amps;; 0.00;;
0;B0;2.73;0.00;2.730
0;B1;2.68;0.00;2.680
0;B2;2.78;0.00;2.780
0;B3;2.72;0.00;2.720
0;B4;2.75;0.00;2.750
0;B5;2.77;0.00;2.770
watts;; 232.38;;
amps;; 0.00;;
0;B0;2.70;0.00;2.700
0;B1;2.63;0.00;2.630
0;B2;2.75;0.00;2.750
0;B3;2.69;0.00;2.690
0;B4;2.71;0.00;2.710
0;B5;2.74;0.00;2.740
watts;; 232.38;;
amps;; 0.00;;
0;B0;2.78;0.00;2.780
0;B1;2.74;0.00;2.740
0;B2;2.81;0.00;2.810
0;B3;2.78;0.00;2.780
0;B4;2.79;0.00;2.790
0;B5;2.79;0.00;2.790
watts;;  23.00;;
amps;; 0.00;;
0;B0;2.80;0.00;2.800
0;B1;2.77;0.00;2.770
0;B2;2.82;0.00;2.820
0;B3;2.77;0.00;2.770
0;B4;2.80;0.00;2.800
0;B5;2.84;0.00;2.840
watts;; 232.38;;
amps;; 0.00;;
0;B0;2.81;0.00;2.810
0;B1;2.78;0.00;2.780
0;B2;2.83;0.00;2.830
0;B3;2.80;0.00;2.800
0;B4;2.82;0.00;2.820
0;B5;2.83;0.00;2.830
watts;; 232.38;;
amps;; 0.00;;
0;B0;2.82;0.00;2.820
0;B1;2.80;0.00;2.800
0;B2;2.86;0.00;2.860
0;B3;2.81;0.00;2.810
0;B4;2.84;0.00;2.840
0;B5;2.83;0.00;2.830
watts;; 232.38;;
amps;; 0.00;;
0;B0;2.82;0.00;2.820
0;B1;2.81;0.00;2.810
0;B2;2.85;0.00;2.850
0;B3;2.82;0.00;2.820
0;B4;2.84;0.00;2.840
0;B5;2.84;0.00;2.840
watts;; 232.38;;
amps;; 0.00;;
0;B0;2.74;0.00;2.740
0;B1;2.66;0.00;2.660
0;B2;2.78;0.00;2.780
0;B3;2.73;0.00;2.730
0;B4;2.75;0.00;2.750
0;B5;2.77;0.00;2.770
watts;; 233.19;;
amps;; 0.00;;
0;B0;1.30;0.00;1.300
0;B1;0.64;0.00;0.640
0;B2;1.57;0.00;1.570
0;B3;1.55;0.00;1.550
0;B4;1.37;0.00;1.370
0;B5;1.51;0.00;1.510
watts;; 235.25;;
amps;;32.97;;
0;B0;2.71;0.00;2.710
0;B1;2.65;0.00;2.650
0;B2;2.75;0.00;2.750
0;B3;2.70;0.00;2.700
0;B4;2.72;0.00;2.720
0;B5;2.74;0.00;2.740
watts;; 237.65;;
amps;; 0.00;;
0;B0;2.74;0.00;2.740
0;B1;2.70;0.00;2.700
0;B2;2.79;0.00;2.790
0;B3;2.74;0.00;2.740
0;B4;2.75;0.00;2.750
0;B5;2.77;0.00;2.770
watts;; 237.65;;
amps;; 0.00;;
0;B0;2.06;0.00;2.060
0;B1;1.79;0.00;1.790
0;B2;2.21;0.00;2.210
0;B3;2.16;0.00;2.160
0;B4;2.11;0.00;2.110
0;B5;2.18;0.00;2.180
watts;; 237.70;;
amps;;13.37;;
0;B0;2.48;0.00;2.480
0;B1;2.19;0.00;2.190
0;B2;2.54;0.00;2.540
0;B3;2.51;0.00;2.510
0;B4;2.47;0.00;2.470
0;B5;2.55;0.00;2.550
watts;; 244.16;;
amps;; 0.00;;
0;B0;2.62;0.00;2.620
0;B1;2.48;0.00;2.480
0;B2;2.68;0.00;2.680
0;B3;2.63;0.00;2.630
0;B4;2.61;0.00;2.610
0;B5;2.67;0.00;2.670
watts;; 244.41;;
amps;; 0.00;;
0;B0;2.32;0.00;2.320
0;B1;2.12;0.00;2.120
0;B2;2.41;0.00;2.410
0;B3;2.39;0.00;2.390
0;B4;2.34;0.00;2.340
0;B5;2.41;0.00;2.410
watts;; 244.42;;
amps;; 3.98;;
0;B0;1.32;0.00;1.320
0;B1;0.64;0.00;0.640
0;B2;1.59;0.00;1.590
0;B3;1.55;0.00;1.550
0;B4;1.36;0.00;1.360
0;B5;1.56;0.00;1.560
watts;;  28.31;;
amps;;28.31;;
0;B0;2.53;0.00;2.530
0;B1;2.38;0.00;2.380
0;B2;2.58;0.00;2.580
0;B3;2.56;0.00;2.560
0;B4;2.52;0.00;2.520
0;B5;2.60;0.00;2.600
watts;;  25.00;;
amps;; 0.00;;
0;B0;2.54;0.00;2.540
0;B1;2.42;0.00;2.420
0;B2;2.61;0.00;2.610
0;B3;2.56;0.00;2.560
0;B4;2.54;0.00;2.540
0;B5;2.60;0.00;2.600
watts;; 254.28;;
amps;; 0.00;;
0;B0;2.39;0.00;2.390
0;B1;2.17;0.00;2.170
0;B2;2.48;0.00;2.480
0;B3;2.44;0.00;2.440
0;B4;2.40;0.00;2.400
0;B5;2.48;0.00;2.480
watts;; 254.28;;
amps;; 0.00;;
0;B0;2.42;0.00;2.420
0;B1;2.21;0.00;2.210
0;B2;2.52;0.00;2.520
0;B3;2.51;0.00;2.510
0;B4;2.44;0.00;2.440
0;B5;2.51;0.00;2.510
watts;; 254.29;;
amps;; 0.00;;
0;B0;2.37;0.00;2.370
0;B1;2.12;0.00;2.120
0;B2;2.47;0.00;2.470
0;B3;2.44;0.00;2.440
0;B4;2.39;0.00;2.390
0;B5;2.47;0.00;2.470
watts;; 254.43;;
amps;; 0.00;;
0;B0;2.34;0.00;2.340
0;B1;2.07;0.00;2.070
0;B2;2.45;0.00;2.450
0;B3;2.42;0.00;2.420
0;B4;2.37;0.00;2.370
0;B5;2.45;0.00;2.450
watts;; 254.82;;
amps;; 0.00;;
0;B0;2.71;0.00;2.710
0;B1;2.63;0.00;2.630
0;B2;2.75;0.00;2.750
0;B3;2.72;0.00;2.720
0;B4;2.72;0.00;2.720
0;B5;2.75;0.00;2.750
watts;; 254.93;;
amps;; 0.00;;
0;B0;2.76;0.00;2.760
0;B1;2.68;0.00;2.680
0;B2;2.79;0.00;2.790
0;B3;2.75;0.00;2.750
0;B4;2.76;0.00;2.760
0;B5;2.81;0.00;2.810
watts;; 254.93;;
amps;; 0.00;;
0;B0;2.75;0.00;2.750
0;B1;2.69;0.00;2.690
0;B2;2.78;0.00;2.780
0;B3;2.74;0.00;2.740
0;B4;2.75;0.00;2.750
0;B5;2.77;0.00;2.770
watts;; 254.93;;
amps;; 0.00;;
0;B0;2.63;0.00;2.630
0;B1;2.54;0.00;2.540
0;B2;2.69;0.00;2.690
0;B3;2.64;0.00;2.640
0;B4;2.65;0.00;2.650
0;B5;2.67;0.00;2.670
watts;; 254.93;;
amps;; 0.00;;
0;B0;1.75;0.00;1.750
0;B1;1.23;0.00;1.230
0;B2;1.98;0.00;1.980
0;B3;1.94;0.00;1.940
0;B4;1.82;0.00;1.820
0;B5;1.94;0.00;1.940
watts;; 257.08;;
amps;;16.81;;
0;B0;1.90;0.00;1.900
0;B1;1.44;0.00;1.440
0;B2;2.09;0.00;2.090
0;B3;2.04;0.00;2.040
0;B4;1.95;0.00;1.950
0;B5;2.04;0.00;2.040
watts;; 259.85;;
amps;; 9.98;;
0;B0;1.57;0.00;1.570
0;B1;0.94;0.00;0.940
0;B2;1.82;0.00;1.820
0;B3;1.79;0.00;1.790
0;B4;1.64;0.00;1.640
0;B5;1.79;0.00;1.790
watts;;  18.03;;
amps;;18.03;;
0;B0;2.48;0.00;2.480
0;B1;2.29;0.00;2.290
0;B2;2.56;0.00;2.560
0;B3;2.50;0.00;2.500
0;B4;2.50;0.00;2.500
0;B5;2.53;0.00;2.530
watts;; 265.78;;
amps;; 0.00;;
0;B0;1.58;0.00;1.580
0;B1;0.97;0.00;0.970
0;B2;1.81;0.00;1.810
0;B3;1.77;0.00;1.770
0;B4;1.64;0.00;1.640
0;B5;1.87;0.00;1.870
watts;; 268.36;;
amps;;19.48;;
0;B0;2.66;0.00;2.660
0;B1;2.55;0.00;2.550
0;B2;2.71;0.00;2.710
0;B3;2.69;0.00;2.690
0;B4;2.66;0.00;2.660
0;B5;2.70;0.00;2.700
watts;; 268.98;;
amps;; 0.00;;
0;B0;2.71;0.00;2.710
0;B1;2.63;0.00;2.630
0;B2;2.76;0.00;2.760
0;B3;2.71;0.00;2.710
0;B4;2.72;0.00;2.720
0;B5;2.74;0.00;2.740
watts;; 268.98;;
amps;; 0.00;;
0;B0;2.73;0.00;2.730
0;B1;2.67;0.00;2.670
0;B2;2.76;0.00;2.760
0;B3;2.74;0.00;2.740
0;B4;2.74;0.00;2.740
0;B5;2.76;0.00;2.760
watts;; 268.98;;
amps;; 0.00;;
0;B0;2.29;0.00;2.290
0;B1;1.96;0.00;1.960
0;B2;2.42;0.00;2.420
0;B3;2.40;0.00;2.400
0;B4;2.31;0.00;2.310
0;B5;2.42;0.00;2.420
watts;; 269.99;;
amps;; 0.00;;
0;B0;1.42;0.00;1.420
0;B1;0.73;0.00;0.730
0;B2;1.67;0.00;1.670
0;B3;1.66;0.00;1.660
0;B4;1.48;0.00;1.480
0;B5;1.65;0.00;1.650
watts;; 275.65;;
amps;;22.03;;
0;B0;2.38;0.00;2.380
0;B1;2.01;0.00;2.010
0;B2;2.49;0.00;2.490
0;B3;2.44;0.00;2.440
0;B4;2.39;0.00;2.390
0;B5;2.49;0.00;2.490
watts;; 280.55;;
amps;; 0.00;;
0;B0;2.66;0.00;2.660
0;B1;2.56;0.00;2.560
0;B2;2.71;0.00;2.710
0;B3;2.67;0.00;2.670
0;B4;2.66;0.00;2.660
0;B5;2.70;0.00;2.700
watts;; 281.00;;
amps;; 0.00;;
0;B0;2.70;0.00;2.700
0;B1;2.62;0.00;2.620
0;B2;2.75;0.00;2.750
0;B3;2.73;0.00;2.730
0;B4;2.70;0.00;2.700
0;B5;2.73;0.00;2.730
watts;; 281.04;;
amps;; 0.00;;
0;B0;1.27;0.00;1.270
0;B1;0.50;0.00;0.500
0;B2;1.63;0.00;1.630
0;B3;1.61;0.00;1.610
0;B4;1.34;0.00;1.340
0;B5;1.55;0.00;1.550
watts;; 284.16;;
amps;;27.31;;
0;B0;1.25;0.00;1.250
0;B1;0.50;0.00;0.500
0;B2;1.54;0.00;1.540
0;B3;1.54;0.00;1.540
0;B4;1.32;0.00;1.320
0;B5;1.52;0.00;1.520
watts;;  28.00;;
amps;;28.98;;
0;B0;1.50;0.00;1.500
0;B1;0.83;0.00;0.830
0;B2;1.75;0.00;1.750
0;B3;1.72;0.00;1.720
0;B4;1.54;0.00;1.540
0;B5;1.71;0.00;1.710
watts;; 294.48;;
amps;;17.20;;
0;B0;1.27;0.00;1.270
0;B1;0.53;0.00;0.530
0;B2;1.59;0.00;1.590
0;B3;1.56;0.00;1.560
0;B4;1.33;0.00;1.330
0;B5;1.53;0.00;1.530
watts;; 298.81;;
amps;;23.87;;
0;B0;1.54;0.00;1.540
0;B1;0.87;0.00;0.870
0;B2;1.77;0.00;1.770
0;B3;1.75;0.00;1.750
0;B4;1.57;0.00;1.570
0;B5;1.74;0.00;1.740
watts;; 304.72;;
amps;;16.31;;
0;B0;1.36;0.00;1.360
0;B1;0.79;0.00;0.790
0;B2;1.65;0.00;1.650
0;B3;1.68;0.00;1.680
0;B4;1.45;0.00;1.450
0;B5;1.63;0.00;1.630
watts;; 306.36;;
amps;;22.75;;
0;B0;2.65;0.00;2.650
0;B1;2.54;0.00;2.540
0;B2;2.69;0.00;2.690
0;B3;2.65;0.00;2.650
0;B4;2.64;0.00;2.640
0;B5;2.69;0.00;2.690
watts;; 307.17;;
amps;; 0.00;;
0;B0;2.69;0.00;2.690
0;B1;2.59;0.00;2.590
0;B2;2.72;0.00;2.720
0;B3;2.71;0.00;2.710
0;B4;2.68;0.00;2.680
0;B5;2.74;0.00;2.740
watts;; 307.17;;
amps;; 0.00;;
0;B0;2.72;0.00;2.720
0;B1;2.63;0.00;2.630
0;B2;2.76;0.00;2.760
0;B3;2.73;0.00;2.730
0;B4;2.71;0.00;2.710
0;B5;2.74;0.00;2.740
watts;; 307.17;;
amps;; 0.00;;
0;B0;2.74;0.00;2.740
0;B1;2.66;0.00;2.660
0;B2;2.78;0.00;2.780
0;B3;2.74;0.00;2.740
0;B4;2.73;0.00;2.730
0;B5;2.78;0.00;2.780
watts;; 307.17;;
amps;; 0.00;;
0;B0;2.76;0.00;2.760
0;B1;2.68;0.00;2.680
0;B2;2.79;0.00;2.790
0;B3;2.75;0.00;2.750
0;B4;2.75;0.00;2.750
0;B5;2.78;0.00;2.780
watts;; 307.17;;
amps;; 0.00;;
0;B0;2.78;0.00;2.780
0;B1;2.71;0.00;2.710
0;B2;2.80;0.00;2.800
0;B3;2.77;0.00;2.770
0;B4;2.77;0.00;2.770
0;B5;2.81;0.00;2.810
watts;; 307.17;;
amps;; 0.00;;
0;B0;2.78;0.00;2.780
0;B1;2.71;0.00;2.710
0;B2;2.81;0.00;2.810
0;B3;2.79;0.00;2.790
0;B4;2.77;0.00;2.770
0;B5;2.80;0.00;2.800
watts;; 307.10;;
amps;; 0.00;;
0;B0;2.76;0.00;2.760
0;B1;2.69;0.00;2.690
0;B2;2.80;0.00;2.800
0;B3;2.76;0.00;2.760
0;B4;2.76;0.00;2.760
0;B5;2.79;0.00;2.790
watts;; 307.23;;
amps;; 0.00;;
0;B0;2.77;0.00;2.770
0;B1;2.71;0.00;2.710
0;B2;2.81;0.00;2.810
0;B3;2.76;0.00;2.760
0;B4;2.78;0.00;2.780
0;B5;2.82;0.00;2.820
watts;; 307.25;;
amps;; 0.00;;
0;B0;2.81;0.00;2.810
